lead_id,created_at,campaign_id,channel,city_area,age_group,gender,is_converted,order_value_inr,is_new_customer
LEAD_0001,13-08-2026,CMP_G_03,Google Ads,Rau,35-44,Male,FALSE,0,TRUE
LEAD_0002,14-08-2026,CMP_M_02,Meta Ads,Saket,25-34,Male,TRUE,1621.05,TRUE
LEAD_0003,10-09-2026,CMP_G_01,Google Ads,Palasia,18-24,Female,TRUE,6270.57,TRUE
LEAD_0004,15-08-2026,CMP_G_03,Google Ads,Vijay Nagar,25-34,Female,FALSE,0,FALSE
LEAD_0005,01-09-2026,CMP_M_02,Meta Ads,Saket,25-34,Female,FALSE,0,FALSE
LEAD_0006,31-08-2026,CMP_M_02,Meta Ads,Rau,18-24,Female,FALSE,0,TRUE
LEAD_0007,09-08-2026,CMP_M_01,Meta Ads,Saket,35-44,Male,FALSE,0,FALSE
LEAD_0008,02-09-2026,CMP_G_03,Google Ads,Annapurna,18-24,Male,TRUE,1621.37,TRUE
LEAD_0009,01-09-2026,CMP_M_03,Meta Ads,Bhawarkua,25-34,Female,FALSE,0,FALSE
LEAD_0010,04-09-2026,CMP_M_01,Meta Ads,Saket,35-44,Male,FALSE,0,TRUE
LEAD_0011,25-08-2026,CMP_G_02,Google Ads,Mahalakshmi Nagar,25-34,Female,FALSE,0,TRUE
LEAD_0012,25-08-2026,CMP_M_01,Meta Ads,Mahalakshmi Nagar,25-34,Female,TRUE,5000.65,TRUE
LEAD_0013,09-08-2026,CMP_M_03,Meta Ads,Mahalakshmi Nagar,18-24,Male,TRUE,2256.19,TRUE
LEAD_0014,30-08-2026,CMP_G_01,Google Ads,Palasia,25-34,Male,FALSE,0,TRUE
LEAD_0015,31-08-2026,CMP_G_02,Google Ads,Saket,18-24,Male,FALSE,0,TRUE
LEAD_0016,22-08-2026,CMP_M_01,Meta Ads,Mahalakshmi Nagar,25-34,Male,FALSE,0,FALSE
LEAD_0017,01-09-2026,CMP_M_01,Meta Ads,Vijay Nagar,25-34,Female,FALSE,0,FALSE
LEAD_0018,19-08-2026,CMP_M_02,Meta Ads,Annapurna,18-24,Male,FALSE,0,FALSE
LEAD_0019,07-08-2026,CMP_M_02,Meta Ads,Annapurna,18-24,Female,FALSE,0,TRUE
LEAD_0020,04-08-2026,CMP_G_03,Google Ads,Saket,25-34,Female,FALSE,0,TRUE
LEAD_0021,13-09-2026,CMP_G_03,Google Ads,Palasia,18-24,Male,FALSE,0,TRUE
LEAD_0022,13-09-2026,CMP_G_03,Google Ads,Rau,18-24,Female,FALSE,0,TRUE
LEAD_0023,17-08-2026,CMP_G_02,Google Ads,Mahalakshmi Nagar,25-34,Female,FALSE,0,TRUE
LEAD_0024,05-08-2026,CMP_M_01,Meta Ads,Saket,45+,Female,FALSE,0,TRUE
LEAD_0025,14-09-2026,CMP_M_03,Meta Ads,Mahalakshmi Nagar,18-24,Male,FALSE,0,TRUE
LEAD_0026,07-08-2026,CMP_M_02,Meta Ads,Rau,25-34,Female,FALSE,0,TRUE
LEAD_0027,02-08-2026,CMP_M_02,Meta Ads,Annapurna,25-34,Female,FALSE,0,FALSE
LEAD_0028,04-08-2026,CMP_M_02,Meta Ads,Annapurna,25-34,Male,FALSE,0,FALSE
LEAD_0029,15-08-2026,CMP_G_02,Google Ads,Saket,18-24,Female,FALSE,0,TRUE
LEAD_0030,12-09-2026,CMP_G_02,Google Ads,Palasia,25-34,Male,FALSE,0,TRUE
LEAD_0031,20-08-2026,CMP_M_01,Meta Ads,Vijay Nagar,25-34,Male,FALSE,0,TRUE
LEAD_0032,19-08-2026,CMP_G_01,Google Ads,Bhawarkua,18-24,Female,FALSE,0,TRUE
LEAD_0033,24-08-2026,CMP_M_01,Meta Ads,Saket,35-44,Female,FALSE,0,TRUE
LEAD_0034,31-08-2026,CMP_M_02,Meta Ads,Mahalakshmi Nagar,18-24,Female,TRUE,3511.94,TRUE
LEAD_0035,10-08-2026,CMP_M_03,Meta Ads,Annapurna,25-34,Male,TRUE,2936.21,TRUE
LEAD_0036,05-09-2026,CMP_M_03,Meta Ads,Vijay Nagar,18-24,Female,TRUE,1887.59,FALSE
LEAD_0037,13-09-2026,CMP_G_03,Google Ads,Bhawarkua,35-44,Male,FALSE,0,TRUE
LEAD_0038,15-08-2026,CMP_G_01,Google Ads,Rau,35-44,Female,FALSE,0,TRUE
LEAD_0039,15-08-2026,CMP_M_03,Meta Ads,Bhawarkua,35-44,Female,TRUE,2648.66,TRUE
LEAD_0040,09-08-2026,CMP_G_03,Google Ads,Vijay Nagar,18-24,Female,FALSE,0,TRUE
LEAD_0041,04-09-2026,CMP_G_01,Google Ads,Bhawarkua,25-34,Male,FALSE,0,TRUE
LEAD_0042,04-09-2026,CMP_M_02,Meta Ads,Annapurna,25-34,Male,FALSE,0,TRUE
LEAD_0043,01-09-2026,CMP_M_01,Meta Ads,Saket,18-24,Female,FALSE,0,TRUE
LEAD_0044,16-08-2026,CMP_G_03,Google Ads,Annapurna,25-34,Male,TRUE,3209.72,TRUE
LEAD_0045,04-08-2026,CMP_M_01,Meta Ads,Palasia,45+,Male,FALSE,0,TRUE
LEAD_0046,06-08-2026,CMP_M_02,Meta Ads,Annapurna,25-34,Male,FALSE,0,TRUE
LEAD_0047,22-08-2026,CMP_G_01,Google Ads,Palasia,35-44,Female,FALSE,0,TRUE
LEAD_0048,05-09-2026,CMP_M_02,Meta Ads,Palasia,35-44,Female,FALSE,0,TRUE
LEAD_0049,08-09-2026,CMP_M_02,Meta Ads,Mahalakshmi Nagar,45+,Male,FALSE,0,TRUE
LEAD_0050,12-08-2026,CMP_M_01,Meta Ads,Mahalakshmi Nagar,18-24,Female,FALSE,0,TRUE
LEAD_0051,16-08-2026,CMP_M_02,Meta Ads,Saket,18-24,Male,TRUE,2489.9,TRUE
LEAD_0052,05-08-2026,CMP_M_01,Meta Ads,Mahalakshmi Nagar,25-34,Male,FALSE,0,TRUE
LEAD_0053,15-08-2026,CMP_M_01,Meta Ads,Mahalakshmi Nagar,35-44,Male,TRUE,8188.87,TRUE
LEAD_0054,11-09-2026,CMP_G_03,Google Ads,Bhawarkua,35-44,Female,TRUE,3502.87,TRUE
LEAD_0055,29-08-2026,CMP_G_01,Google Ads,Vijay Nagar,18-24,Female,FALSE,0,TRUE
LEAD_0056,09-09-2026,CMP_G_01,Google Ads,Saket,25-34,Male,TRUE,6408.54,TRUE
LEAD_0057,02-09-2026,CMP_G_02,Google Ads,Vijay Nagar,35-44,Female,FALSE,0,TRUE
LEAD_0058,05-09-2026,CMP_M_01,Meta Ads,Palasia,25-34,Male,FALSE,0,TRUE
LEAD_0059,30-08-2026,CMP_G_03,Google Ads,Annapurna,18-24,Female,FALSE,0,TRUE
LEAD_0060,24-08-2026,CMP_M_01,Meta Ads,Annapurna,35-44,Female,FALSE,0,FALSE
LEAD_0061,06-08-2026,CMP_M_02,Meta Ads,Annapurna,25-34,Male,FALSE,0,TRUE
LEAD_0062,07-09-2026,CMP_M_01,Meta Ads,Rau,18-24,Female,FALSE,0,FALSE
LEAD_0063,12-09-2026,CMP_G_03,Google Ads,Annapurna,18-24,Female,TRUE,3441.05,TRUE
LEAD_0064,07-08-2026,CMP_G_03,Google Ads,Palasia,18-24,Female,FALSE,0,TRUE
LEAD_0065,23-08-2026,CMP_M_02,Meta Ads,Saket,18-24,Female,FALSE,0,TRUE
LEAD_0066,28-08-2026,CMP_G_02,Google Ads,Mahalakshmi Nagar,35-44,Male,FALSE,0,TRUE
LEAD_0067,02-08-2026,CMP_M_01,Meta Ads,Annapurna,35-44,Female,FALSE,0,TRUE
LEAD_0068,14-09-2026,CMP_G_02,Google Ads,Saket,18-24,Male,TRUE,3992.19,FALSE
LEAD_0069,26-08-2026,CMP_M_01,Meta Ads,Annapurna,25-34,Female,FALSE,0,TRUE
LEAD_0070,14-08-2026,CMP_M_02,Meta Ads,Palasia,25-34,Male,TRUE,1915.72,TRUE
LEAD_0071,06-09-2026,CMP_M_02,Meta Ads,Vijay Nagar,18-24,Male,FALSE,0,TRUE
LEAD_0072,06-08-2026,CMP_G_01,Google Ads,Annapurna,25-34,Male,FALSE,0,TRUE
LEAD_0073,14-08-2026,CMP_G_03,Google Ads,Vijay Nagar,18-24,Female,FALSE,0,TRUE
LEAD_0074,07-09-2026,CMP_M_02,Meta Ads,Vijay Nagar,18-24,Male,TRUE,2213.91,TRUE
LEAD_0075,14-08-2026,CMP_G_01,Google Ads,Palasia,35-44,Female,TRUE,4518.09,TRUE
LEAD_0076,01-09-2026,CMP_G_01,Google Ads,Bhawarkua,25-34,Female,TRUE,7057.98,TRUE
LEAD_0077,12-09-2026,CMP_M_01,Meta Ads,Vijay Nagar,25-34,Male,FALSE,0,TRUE
LEAD_0078,30-08-2026,CMP_G_03,Google Ads,Mahalakshmi Nagar,18-24,Female,FALSE,0,FALSE
LEAD_0079,10-09-2026,CMP_G_03,Google Ads,Vijay Nagar,25-34,Male,FALSE,0,TRUE
LEAD_0080,09-09-2026,CMP_G_02,Google Ads,Annapurna,35-44,Female,FALSE,0,TRUE
LEAD_0081,16-08-2026,CMP_M_02,Meta Ads,Vijay Nagar,25-34,Female,TRUE,2076.33,TRUE
LEAD_0082,22-08-2026,CMP_G_03,Google Ads,Annapurna,18-24,Female,TRUE,3003.62,TRUE
LEAD_0083,23-08-2026,CMP_M_03,Meta Ads,Mahalakshmi Nagar,25-34,Female,FALSE,0,TRUE
LEAD_0084,17-08-2026,CMP_G_01,Google Ads,Rau,18-24,Male,FALSE,0,TRUE
LEAD_0085,10-09-2026,CMP_G_01,Google Ads,Mahalakshmi Nagar,25-34,Female,FALSE,0,TRUE
LEAD_0086,06-09-2026,CMP_M_02,Meta Ads,Rau,18-24,Male,FALSE,0,TRUE
LEAD_0087,29-08-2026,CMP_G_03,Google Ads,Saket,35-44,Male,TRUE,1084.37,TRUE
LEAD_0088,05-08-2026,CMP_G_03,Google Ads,Vijay Nagar,25-34,Female,TRUE,1738.1,TRUE
LEAD_0089,06-08-2026,CMP_M_01,Meta Ads,Bhawarkua,25-34,Male,TRUE,6305.55,TRUE
LEAD_0090,03-08-2026,CMP_M_02,Meta Ads,Mahalakshmi Nagar,25-34,Female,FALSE,0,TRUE
LEAD_0091,02-09-2026,CMP_M_01,Meta Ads,Vijay Nagar,25-34,Male,FALSE,0,TRUE
LEAD_0092,06-08-2026,CMP_M_02,Meta Ads,Palasia,18-24,Male,FALSE,0,TRUE
LEAD_0093,03-09-2026,CMP_M_03,Meta Ads,Saket,35-44,Female,TRUE,2311.42,TRUE
LEAD_0094,13-09-2026,CMP_M_02,Meta Ads,Mahalakshmi Nagar,25-34,Female,FALSE,0,TRUE
LEAD_0095,05-09-2026,CMP_G_03,Google Ads,Annapurna,35-44,Male,TRUE,2731.62,TRUE
LEAD_0096,10-08-2026,CMP_M_01,Meta Ads,Rau,25-34,Male,FALSE,0,TRUE
LEAD_0097,11-09-2026,CMP_G_03,Google Ads,Bhawarkua,18-24,Male,FALSE,0,TRUE
LEAD_0098,05-09-2026,CMP_G_01,Google Ads,Mahalakshmi Nagar,18-24,Female,FALSE,0,TRUE
LEAD_0099,13-09-2026,CMP_M_02,Meta Ads,Vijay Nagar,25-34,Female,FALSE,0,FALSE
LEAD_0100,24-08-2026,CMP_G_03,Google Ads,Palasia,18-24,Male,FALSE,0,TRUE
LEAD_0101,09-08-2026,CMP_G_02,Google Ads,Saket,35-44,Female,FALSE,0,TRUE
LEAD_0102,03-09-2026,CMP_M_02,Meta Ads,Saket,35-44,Male,FALSE,0,TRUE
LEAD_0103,10-08-2026,CMP_M_01,Meta Ads,Mahalakshmi Nagar,25-34,Male,FALSE,0,TRUE
LEAD_0104,29-08-2026,CMP_M_03,Meta Ads,Saket,25-34,Female,FALSE,0,TRUE
LEAD_0105,19-08-2026,CMP_G_03,Google Ads,Palasia,25-34,Female,TRUE,2931.46,FALSE
LEAD_0106,31-08-2026,CMP_M_02,Meta Ads,Palasia,25-34,Male,FALSE,0,FALSE
LEAD_0107,30-08-2026,CMP_M_03,Meta Ads,Mahalakshmi Nagar,25-34,Female,FALSE,0,TRUE
LEAD_0108,13-08-2026,CMP_M_03,Meta Ads,Saket,18-24,Female,TRUE,3063.4,TRUE
LEAD_0109,07-08-2026,CMP_G_03,Google Ads,Rau,35-44,Female,FALSE,0,TRUE
LEAD_0110,18-08-2026,CMP_M_02,Meta Ads,Rau,18-24,Female,FALSE,0,TRUE
LEAD_0111,15-08-2026,CMP_M_03,Meta Ads,Saket,45+,Female,FALSE,0,TRUE
LEAD_0112,24-08-2026,CMP_G_03,Google Ads,Vijay Nagar,25-34,Female,FALSE,0,TRUE
LEAD_0113,11-09-2026,CMP_M_03,Meta Ads,Vijay Nagar,18-24,Male,TRUE,1805.28,TRUE
LEAD_0114,09-08-2026,CMP_M_02,Meta Ads,Bhawarkua,25-34,Female,FALSE,0,TRUE
LEAD_0115,17-08-2026,CMP_G_01,Google Ads,Annapurna,25-34,Female,TRUE,4029.23,TRUE
LEAD_0116,16-08-2026,CMP_M_02,Meta Ads,Bhawarkua,25-34,Male,TRUE,1713.11,TRUE
LEAD_0117,01-09-2026,CMP_G_01,Google Ads,Rau,25-34,Male,TRUE,6201.41,TRUE
LEAD_0118,01-08-2026,CMP_G_02,Google Ads,Palasia,25-34,Female,FALSE,0,TRUE
LEAD_0119,03-09-2026,CMP_M_01,Meta Ads,Rau,25-34,Male,TRUE,8355.53,TRUE
LEAD_0120,02-08-2026,CMP_M_01,Meta Ads,Bhawarkua,18-24,Female,FALSE,0,TRUE
LEAD_0121,02-08-2026,CMP_G_03,Google Ads,Palasia,25-34,Male,TRUE,1864.15,TRUE
LEAD_0122,22-08-2026,CMP_M_02,Meta Ads,Saket,35-44,Female,TRUE,1260.21,TRUE
LEAD_0123,30-08-2026,CMP_M_02,Meta Ads,Bhawarkua,25-34,Male,FALSE,0,FALSE
LEAD_0124,30-08-2026,CMP_G_01,Google Ads,Palasia,18-24,Female,FALSE,0,TRUE
LEAD_0125,20-08-2026,CMP_G_01,Google Ads,Mahalakshmi Nagar,25-34,Female,FALSE,0,TRUE
LEAD_0126,13-08-2026,CMP_M_02,Meta Ads,Mahalakshmi Nagar,35-44,Male,FALSE,0,TRUE
LEAD_0127,08-08-2026,CMP_G_03,Google Ads,Bhawarkua,25-34,Male,TRUE,3058.22,TRUE
LEAD_0128,12-08-2026,CMP_G_03,Google Ads,Mahalakshmi Nagar,25-34,Male,TRUE,2239.75,TRUE
LEAD_0129,06-08-2026,CMP_M_02,Meta Ads,Mahalakshmi Nagar,18-24,Female,FALSE,0,TRUE
LEAD_0130,21-08-2026,CMP_G_01,Google Ads,Saket,25-34,Male,FALSE,0,TRUE
LEAD_0131,29-08-2026,CMP_G_02,Google Ads,Vijay Nagar,25-34,Male,FALSE,0,TRUE
LEAD_0132,28-08-2026,CMP_M_01,Meta Ads,Mahalakshmi Nagar,45+,Female,FALSE,0,TRUE
LEAD_0133,24-08-2026,CMP_M_01,Meta Ads,Annapurna,25-34,Male,FALSE,0,TRUE
LEAD_0134,08-09-2026,CMP_G_01,Google Ads,Bhawarkua,18-24,Female,FALSE,0,TRUE
LEAD_0135,24-08-2026,CMP_M_02,Meta Ads,Vijay Nagar,25-34,Male,TRUE,1877.81,FALSE
LEAD_0136,24-08-2026,CMP_M_03,Meta Ads,Vijay Nagar,25-34,Female,FALSE,0,TRUE
LEAD_0137,11-09-2026,CMP_G_03,Google Ads,Vijay Nagar,18-24,Female,FALSE,0,TRUE
LEAD_0138,05-09-2026,CMP_M_01,Meta Ads,Mahalakshmi Nagar,18-24,Female,FALSE,0,TRUE
LEAD_0139,19-08-2026,CMP_M_03,Meta Ads,Bhawarkua,18-24,Female,FALSE,0,TRUE
LEAD_0140,12-08-2026,CMP_G_01,Google Ads,Vijay Nagar,35-44,Male,TRUE,7922.47,TRUE
LEAD_0141,12-09-2026,CMP_M_03,Meta Ads,Rau,18-24,Female,TRUE,1838.05,TRUE
LEAD_0142,14-09-2026,CMP_G_02,Google Ads,Mahalakshmi Nagar,25-34,Female,FALSE,0,TRUE
LEAD_0143,09-08-2026,CMP_M_03,Meta Ads,Bhawarkua,18-24,Female,FALSE,0,TRUE
LEAD_0144,05-09-2026,CMP_G_03,Google Ads,Vijay Nagar,18-24,Female,FALSE,0,TRUE
LEAD_0145,31-08-2026,CMP_M_02,Meta Ads,Mahalakshmi Nagar,25-34,Female,FALSE,0,TRUE
LEAD_0146,21-08-2026,CMP_G_01,Google Ads,Bhawarkua,25-34,Female,FALSE,0,TRUE
LEAD_0147,05-09-2026,CMP_G_01,Google Ads,Palasia,35-44,Female,FALSE,0,TRUE
LEAD_0148,04-08-2026,CMP_M_01,Meta Ads,Rau,18-24,Female,FALSE,0,TRUE
LEAD_0149,15-08-2026,CMP_G_03,Google Ads,Rau,35-44,Male,FALSE,0,TRUE
LEAD_0150,10-09-2026,CMP_G_02,Google Ads,Saket,18-24,Female,FALSE,0,FALSE
LEAD_0151,02-09-2026,CMP_M_01,Meta Ads,Rau,18-24,Male,TRUE,6453.63,TRUE
LEAD_0152,08-09-2026,CMP_M_02,Meta Ads,Rau,18-24,Male,FALSE,0,TRUE
LEAD_0153,11-09-2026,CMP_G_01,Google Ads,Saket,25-34,Male,FALSE,0,TRUE
LEAD_0154,10-09-2026,CMP_G_03,Google Ads,Annapurna,25-34,Male,FALSE,0,TRUE
LEAD_0155,16-08-2026,CMP_G_03,Google Ads,Saket,25-34,Male,TRUE,3072.66,TRUE
LEAD_0156,27-08-2026,CMP_G_02,Google Ads,Palasia,18-24,Female,FALSE,0,TRUE
LEAD_0157,21-08-2026,CMP_M_02,Meta Ads,Mahalakshmi Nagar,18-24,Female,FALSE,0,TRUE
LEAD_0158,02-09-2026,CMP_M_02,Meta Ads,Saket,18-24,Female,FALSE,0,TRUE
LEAD_0159,10-08-2026,CMP_G_03,Google Ads,Saket,45+,Male,FALSE,0,TRUE
LEAD_0160,11-08-2026,CMP_G_03,Google Ads,Annapurna,18-24,Male,TRUE,3096.39,FALSE
LEAD_0161,02-09-2026,CMP_M_01,Meta Ads,Saket,25-34,Female,FALSE,0,TRUE
LEAD_0162,30-08-2026,CMP_G_03,Google Ads,Saket,18-24,Female,TRUE,3510.05,TRUE
LEAD_0163,11-09-2026,CMP_M_01,Meta Ads,Saket,25-34,Male,FALSE,0,TRUE
LEAD_0164,17-08-2026,CMP_G_03,Google Ads,Mahalakshmi Nagar,25-34,Female,FALSE,0,TRUE
LEAD_0165,05-09-2026,CMP_G_01,Google Ads,Rau,18-24,Female,FALSE,0,TRUE
LEAD_0166,05-09-2026,CMP_M_01,Meta Ads,Annapurna,25-34,Female,TRUE,4394.41,FALSE
LEAD_0167,24-08-2026,CMP_G_01,Google Ads,Saket,25-34,Female,FALSE,0,TRUE
LEAD_0168,08-09-2026,CMP_G_01,Google Ads,Rau,18-24,Female,FALSE,0,TRUE
LEAD_0169,31-08-2026,CMP_M_02,Meta Ads,Palasia,25-34,Female,FALSE,0,TRUE
LEAD_0170,09-09-2026,CMP_G_03,Google Ads,Bhawarkua,45+,Male,FALSE,0,TRUE
LEAD_0171,22-08-2026,CMP_G_02,Google Ads,Rau,25-34,Male,FALSE,0,TRUE
LEAD_0172,02-08-2026,CMP_G_02,Google Ads,Annapurna,18-24,Female,FALSE,0,TRUE
LEAD_0173,14-09-2026,CMP_G_03,Google Ads,Rau,25-34,Male,FALSE,0,TRUE
LEAD_0174,07-09-2026,CMP_M_02,Meta Ads,Annapurna,18-24,Female,FALSE,0,TRUE
LEAD_0175,09-09-2026,CMP_M_01,Meta Ads,Bhawarkua,18-24,Male,FALSE,0,TRUE
LEAD_0176,14-09-2026,CMP_G_01,Google Ads,Vijay Nagar,25-34,Female,FALSE,0,TRUE
LEAD_0177,14-08-2026,CMP_G_03,Google Ads,Bhawarkua,35-44,Male,TRUE,2008.02,FALSE
LEAD_0178,09-08-2026,CMP_G_01,Google Ads,Rau,18-24,Male,FALSE,0,TRUE
LEAD_0179,21-08-2026,CMP_M_01,Meta Ads,Rau,18-24,Female,TRUE,8253.11,TRUE
LEAD_0180,13-09-2026,CMP_M_02,Meta Ads,Annapurna,18-24,Female,FALSE,0,TRUE
LEAD_0181,18-08-2026,CMP_M_03,Meta Ads,Palasia,45+,Male,FALSE,0,TRUE
LEAD_0182,14-08-2026,CMP_M_02,Meta Ads,Bhawarkua,18-24,Female,FALSE,0,TRUE
LEAD_0183,18-08-2026,CMP_M_03,Meta Ads,Rau,25-34,Male,TRUE,1677.03,TRUE
LEAD_0184,10-08-2026,CMP_M_02,Meta Ads,Annapurna,18-24,Male,TRUE,1684.22,TRUE
LEAD_0185,31-08-2026,CMP_M_01,Meta Ads,Mahalakshmi Nagar,25-34,Male,FALSE,0,TRUE
LEAD_0186,09-08-2026,CMP_M_02,Meta Ads,Annapurna,25-34,Female,FALSE,0,TRUE
LEAD_0187,03-09-2026,CMP_M_01,Meta Ads,Vijay Nagar,25-34,Male,TRUE,4086.33,TRUE
LEAD_0188,09-08-2026,CMP_G_01,Google Ads,Rau,45+,Female,FALSE,0,TRUE
LEAD_0189,31-08-2026,CMP_M_01,Meta Ads,Palasia,35-44,Female,FALSE,0,TRUE
LEAD_0190,04-08-2026,CMP_G_02,Google Ads,Vijay Nagar,25-34,Female,FALSE,0,FALSE
LEAD_0191,03-08-2026,CMP_M_02,Meta Ads,Palasia,25-34,Male,FALSE,0,FALSE
LEAD_0192,03-08-2026,CMP_M_03,Meta Ads,Bhawarkua,18-24,Male,TRUE,3592.36,TRUE
LEAD_0193,19-08-2026,CMP_M_03,Meta Ads,Rau,25-34,Male,TRUE,3267.21,TRUE
LEAD_0194,30-08-2026,CMP_G_03,Google Ads,Bhawarkua,35-44,Female,TRUE,3570.57,TRUE
LEAD_0195,18-08-2026,CMP_M_01,Meta Ads,Vijay Nagar,18-24,Male,FALSE,0,TRUE
LEAD_0196,12-08-2026,CMP_M_01,Meta Ads,Saket,35-44,Female,FALSE,0,TRUE
LEAD_0197,12-08-2026,CMP_M_02,Meta Ads,Annapurna,35-44,Male,FALSE,0,TRUE
LEAD_0198,06-08-2026,CMP_M_01,Meta Ads,Palasia,25-34,Male,TRUE,5084.75,TRUE
LEAD_0199,25-08-2026,CMP_G_01,Google Ads,Saket,18-24,Male,TRUE,4142.47,FALSE
LEAD_0200,11-09-2026,CMP_G_01,Google Ads,Annapurna,18-24,Female,TRUE,4849.45,TRUE
LEAD_0201,02-09-2026,CMP_G_03,Google Ads,Mahalakshmi Nagar,18-24,Female,TRUE,3392.39,FALSE
LEAD_0202,19-08-2026,CMP_M_03,Meta Ads,Palasia,18-24,Female,FALSE,0,TRUE
LEAD_0203,08-09-2026,CMP_G_02,Google Ads,Annapurna,25-34,Female,FALSE,0,TRUE
LEAD_0204,12-09-2026,CMP_M_01,Meta Ads,Annapurna,35-44,Male,TRUE,7505.94,FALSE
LEAD_0205,29-08-2026,CMP_G_01,Google Ads,Saket,18-24,Female,FALSE,0,TRUE
LEAD_0206,05-09-2026,CMP_G_01,Google Ads,Palasia,25-34,Female,FALSE,0,FALSE
LEAD_0207,03-09-2026,CMP_G_03,Google Ads,Annapurna,18-24,Male,FALSE,0,TRUE
LEAD_0208,02-09-2026,CMP_G_01,Google Ads,Palasia,25-34,Female,TRUE,5339.25,TRUE
LEAD_0209,30-08-2026,CMP_G_01,Google Ads,Saket,25-34,Female,FALSE,0,TRUE
LEAD_0210,14-08-2026,CMP_M_02,Meta Ads,Vijay Nagar,25-34,Male,FALSE,0,TRUE
LEAD_0211,04-08-2026,CMP_M_01,Meta Ads,Vijay Nagar,45+,Female,FALSE,0,FALSE
LEAD_0212,12-08-2026,CMP_G_02,Google Ads,Mahalakshmi Nagar,25-34,Male,FALSE,0,TRUE
LEAD_0213,24-08-2026,CMP_M_03,Meta Ads,Mahalakshmi Nagar,35-44,Female,TRUE,3580.71,TRUE
LEAD_0214,12-09-2026,CMP_G_01,Google Ads,Palasia,25-34,Female,FALSE,0,FALSE
LEAD_0215,04-09-2026,CMP_G_02,Google Ads,Palasia,25-34,Female,FALSE,0,TRUE
LEAD_0216,02-08-2026,CMP_G_01,Google Ads,Bhawarkua,25-34,Female,FALSE,0,FALSE
LEAD_0217,15-08-2026,CMP_M_01,Meta Ads,Saket,18-24,Female,FALSE,0,TRUE
LEAD_0218,08-08-2026,CMP_M_03,Meta Ads,Rau,35-44,Male,TRUE,986.99,TRUE
LEAD_0219,14-08-2026,CMP_G_01,Google Ads,Bhawarkua,25-34,Male,TRUE,3183.56,TRUE
LEAD_0220,03-08-2026,CMP_G_01,Google Ads,Palasia,35-44,Male,TRUE,5092.91,TRUE
LEAD_0221,19-08-2026,CMP_G_01,Google Ads,Rau,18-24,Male,TRUE,4134.72,FALSE
LEAD_0222,21-08-2026,CMP_M_02,Meta Ads,Palasia,45+,Female,FALSE,0,TRUE
LEAD_0223,18-08-2026,CMP_G_03,Google Ads,Rau,35-44,Male,FALSE,0,TRUE
LEAD_0224,28-08-2026,CMP_M_01,Meta Ads,Vijay Nagar,45+,Male,FALSE,0,TRUE
LEAD_0225,03-09-2026,CMP_M_02,Meta Ads,Bhawarkua,25-34,Female,FALSE,0,TRUE
LEAD_0226,04-09-2026,CMP_G_02,Google Ads,Mahalakshmi Nagar,18-24,Male,FALSE,0,TRUE
LEAD_0227,30-08-2026,CMP_G_01,Google Ads,Bhawarkua,25-34,Female,TRUE,8014.02,TRUE
LEAD_0228,14-08-2026,CMP_G_02,Google Ads,Vijay Nagar,35-44,Male,FALSE,0,TRUE
LEAD_0229,13-08-2026,CMP_G_01,Google Ads,Rau,25-34,Male,TRUE,3093.76,TRUE
LEAD_0230,07-09-2026,CMP_G_02,Google Ads,Rau,18-24,Female,FALSE,0,TRUE
LEAD_0231,20-08-2026,CMP_M_03,Meta Ads,Palasia,45+,Female,TRUE,3483.95,TRUE
LEAD_0232,31-08-2026,CMP_M_03,Meta Ads,Annapurna,25-34,Female,FALSE,0,FALSE
LEAD_0233,05-09-2026,CMP_M_03,Meta Ads,Saket,25-34,Female,FALSE,0,TRUE
LEAD_0234,17-08-2026,CMP_G_03,Google Ads,Bhawarkua,25-34,Male,FALSE,0,TRUE
LEAD_0235,21-08-2026,CMP_M_02,Meta Ads,Saket,18-24,Female,FALSE,0,FALSE
LEAD_0236,10-08-2026,CMP_M_02,Meta Ads,Rau,45+,Female,FALSE,0,TRUE
LEAD_0237,10-08-2026,CMP_G_03,Google Ads,Palasia,25-34,Male,FALSE,0,TRUE
LEAD_0238,11-09-2026,CMP_M_01,Meta Ads,Saket,18-24,Male,FALSE,0,FALSE
LEAD_0239,11-09-2026,CMP_M_03,Meta Ads,Annapurna,35-44,Female,TRUE,2896.9,TRUE
LEAD_0240,01-09-2026,CMP_M_02,Meta Ads,Rau,45+,Male,FALSE,0,TRUE
LEAD_0241,05-08-2026,CMP_M_01,Meta Ads,Mahalakshmi Nagar,18-24,Female,TRUE,8187.57,TRUE
LEAD_0242,05-08-2026,CMP_M_01,Meta Ads,Rau,25-34,Female,TRUE,6830.87,TRUE
LEAD_0243,09-09-2026,CMP_M_01,Meta Ads,Vijay Nagar,18-24,Female,TRUE,8002.68,TRUE
LEAD_0244,03-09-2026,CMP_G_01,Google Ads,Rau,45+,Female,FALSE,0,TRUE
LEAD_0245,13-09-2026,CMP_M_02,Meta Ads,Palasia,18-24,Female,FALSE,0,TRUE
LEAD_0246,13-08-2026,CMP_G_01,Google Ads,Saket,18-24,Female,TRUE,6332.75,TRUE
LEAD_0247,26-08-2026,CMP_G_03,Google Ads,Palasia,45+,Female,FALSE,0,TRUE
LEAD_0248,06-08-2026,CMP_M_02,Meta Ads,Mahalakshmi Nagar,18-24,Female,TRUE,2665.09,FALSE
LEAD_0249,31-08-2026,CMP_G_03,Google Ads,Palasia,18-24,Male,TRUE,1051.51,TRUE
LEAD_0250,22-08-2026,CMP_M_01,Meta Ads,Vijay Nagar,35-44,Male,TRUE,6025.38,FALSE
LEAD_0251,14-09-2026,CMP_G_02,Google Ads,Bhawarkua,18-24,Male,FALSE,0,FALSE
LEAD_0252,18-08-2026,CMP_M_02,Meta Ads,Rau,25-34,Female,FALSE,0,FALSE
LEAD_0253,02-08-2026,CMP_M_02,Meta Ads,Mahalakshmi Nagar,35-44,Male,TRUE,3495.97,TRUE
LEAD_0254,20-08-2026,CMP_M_03,Meta Ads,Palasia,25-34,Male,FALSE,0,TRUE
LEAD_0255,04-09-2026,CMP_M_02,Meta Ads,Mahalakshmi Nagar,25-34,Male,FALSE,0,TRUE
LEAD_0256,06-08-2026,CMP_M_02,Meta Ads,Saket,18-24,Female,FALSE,0,TRUE
LEAD_0257,22-08-2026,CMP_M_02,Meta Ads,Rau,25-34,Male,TRUE,2533.96,TRUE
LEAD_0258,18-08-2026,CMP_G_01,Google Ads,Palasia,25-34,Male,TRUE,7266.22,TRUE
LEAD_0259,13-09-2026,CMP_G_03,Google Ads,Bhawarkua,18-24,Male,FALSE,0,TRUE
LEAD_0260,05-08-2026,CMP_M_02,Meta Ads,Palasia,25-34,Male,FALSE,0,TRUE
LEAD_0261,25-08-2026,CMP_G_02,Google Ads,Vijay Nagar,18-24,Male,FALSE,0,TRUE
LEAD_0262,18-08-2026,CMP_G_03,Google Ads,Bhawarkua,25-34,Female,TRUE,1176.02,TRUE
LEAD_0263,02-08-2026,CMP_G_03,Google Ads,Rau,18-24,Male,FALSE,0,TRUE
LEAD_0264,25-08-2026,CMP_G_03,Google Ads,Bhawarkua,25-34,Female,FALSE,0,TRUE
LEAD_0265,16-08-2026,CMP_M_03,Meta Ads,Bhawarkua,18-24,Female,TRUE,2444.29,TRUE
LEAD_0266,10-08-2026,CMP_G_02,Google Ads,Bhawarkua,18-24,Male,TRUE,1615.11,TRUE
LEAD_0267,16-08-2026,CMP_G_03,Google Ads,Rau,18-24,Female,TRUE,2846.43,TRUE
LEAD_0268,26-08-2026,CMP_G_03,Google Ads,Mahalakshmi Nagar,35-44,Female,TRUE,1796.99,TRUE
LEAD_0269,11-09-2026,CMP_G_03,Google Ads,Palasia,18-24,Male,FALSE,0,FALSE
LEAD_0270,31-08-2026,CMP_M_02,Meta Ads,Bhawarkua,45+,Female,FALSE,0,TRUE
LEAD_0271,01-09-2026,CMP_M_02,Meta Ads,Mahalakshmi Nagar,18-24,Female,FALSE,0,FALSE
LEAD_0272,26-08-2026,CMP_M_02,Meta Ads,Palasia,25-34,Female,TRUE,1885.54,FALSE
LEAD_0273,05-09-2026,CMP_M_02,Meta Ads,Annapurna,18-24,Male,TRUE,972.67,FALSE
LEAD_0274,05-08-2026,CMP_M_02,Meta Ads,Bhawarkua,25-34,Female,TRUE,3111.21,FALSE
LEAD_0275,17-08-2026,CMP_G_03,Google Ads,Annapurna,25-34,Female,FALSE,0,TRUE
LEAD_0276,08-09-2026,CMP_G_03,Google Ads,Bhawarkua,25-34,Male,FALSE,0,TRUE
LEAD_0277,27-08-2026,CMP_M_02,Meta Ads,Mahalakshmi Nagar,45+,Male,FALSE,0,TRUE
LEAD_0278,08-09-2026,CMP_M_02,Meta Ads,Vijay Nagar,18-24,Female,FALSE,0,TRUE
LEAD_0279,11-08-2026,CMP_M_01,Meta Ads,Vijay Nagar,25-34,Male,FALSE,0,TRUE
LEAD_0280,22-08-2026,CMP_M_01,Meta Ads,Bhawarkua,18-24,Female,FALSE,0,FALSE
LEAD_0281,03-09-2026,CMP_G_02,Google Ads,Palasia,25-34,Female,TRUE,3297.18,TRUE
LEAD_0282,07-09-2026,CMP_M_02,Meta Ads,Palasia,18-24,Female,FALSE,0,TRUE
LEAD_0283,27-08-2026,CMP_G_01,Google Ads,Vijay Nagar,18-24,Male,FALSE,0,FALSE
LEAD_0284,20-08-2026,CMP_G_01,Google Ads,Mahalakshmi Nagar,18-24,Female,FALSE,0,TRUE
LEAD_0285,29-08-2026,CMP_M_01,Meta Ads,Bhawarkua,18-24,Female,FALSE,0,TRUE
LEAD_0286,08-08-2026,CMP_M_02,Meta Ads,Saket,25-34,Male,FALSE,0,TRUE
LEAD_0287,16-08-2026,CMP_G_02,Google Ads,Rau,18-24,Female,FALSE,0,TRUE
LEAD_0288,15-08-2026,CMP_M_03,Meta Ads,Annapurna,18-24,Male,FALSE,0,TRUE
LEAD_0289,02-08-2026,CMP_G_03,Google Ads,Palasia,25-34,Female,FALSE,0,TRUE
LEAD_0290,14-08-2026,CMP_G_01,Google Ads,Mahalakshmi Nagar,25-34,Male,FALSE,0,TRUE
LEAD_0291,04-09-2026,CMP_M_01,Meta Ads,Saket,18-24,Female,FALSE,0,TRUE
LEAD_0292,01-09-2026,CMP_M_02,Meta Ads,Annapurna,18-24,Female,FALSE,0,TRUE
LEAD_0293,08-08-2026,CMP_G_03,Google Ads,Rau,18-24,Male,TRUE,1839.4,FALSE
LEAD_0294,09-09-2026,CMP_M_02,Meta Ads,Annapurna,18-24,Female,FALSE,0,TRUE
LEAD_0295,12-08-2026,CMP_G_03,Google Ads,Palasia,25-34,Female,FALSE,0,TRUE
LEAD_0296,25-08-2026,CMP_G_01,Google Ads,Bhawarkua,25-34,Male,FALSE,0,TRUE
LEAD_0297,12-08-2026,CMP_M_01,Meta Ads,Bhawarkua,18-24,Female,FALSE,0,TRUE
LEAD_0298,09-09-2026,CMP_M_02,Meta Ads,Saket,45+,Female,FALSE,0,TRUE
LEAD_0299,25-08-2026,CMP_G_02,Google Ads,Rau,25-34,Female,FALSE,0,FALSE
LEAD_0300,29-08-2026,CMP_M_01,Meta Ads,Vijay Nagar,25-34,Male,FALSE,0,TRUE
LEAD_0301,03-08-2026,CMP_G_02,Google Ads,Rau,18-24,Male,FALSE,0,TRUE
LEAD_0302,01-09-2026,CMP_M_01,Meta Ads,Vijay Nagar,25-34,Female,FALSE,0,TRUE
LEAD_0303,24-08-2026,CMP_M_01,Meta Ads,Mahalakshmi Nagar,18-24,Male,FALSE,0,TRUE
LEAD_0304,28-08-2026,CMP_M_01,Meta Ads,Mahalakshmi Nagar,25-34,Female,FALSE,0,TRUE
LEAD_0305,03-08-2026,CMP_M_03,Meta Ads,Mahalakshmi Nagar,18-24,Male,TRUE,2114.28,TRUE
LEAD_0306,16-08-2026,CMP_G_01,Google Ads,Annapurna,25-34,Male,TRUE,3996.31,FALSE
LEAD_0307,11-08-2026,CMP_M_01,Meta Ads,Mahalakshmi Nagar,18-24,Female,FALSE,0,TRUE
LEAD_0308,23-08-2026,CMP_G_01,Google Ads,Rau,25-34,Female,FALSE,0,TRUE
LEAD_0309,19-08-2026,CMP_M_02,Meta Ads,Mahalakshmi Nagar,25-34,Male,FALSE,0,TRUE
LEAD_0310,09-08-2026,CMP_M_02,Meta Ads,Mahalakshmi Nagar,25-34,Female,FALSE,0,FALSE
LEAD_0311,11-09-2026,CMP_G_02,Google Ads,Mahalakshmi Nagar,18-24,Female,FALSE,0,TRUE
LEAD_0312,16-08-2026,CMP_G_03,Google Ads,Annapurna,25-34,Female,FALSE,0,TRUE
LEAD_0313,10-09-2026,CMP_M_01,Meta Ads,Bhawarkua,18-24,Male,FALSE,0,TRUE
LEAD_0314,26-08-2026,CMP_M_02,Meta Ads,Saket,25-34,Female,TRUE,2292.16,TRUE
LEAD_0315,06-08-2026,CMP_M_01,Meta Ads,Annapurna,25-34,Male,TRUE,6966.31,TRUE
LEAD_0316,26-08-2026,CMP_M_02,Meta Ads,Bhawarkua,35-44,Female,FALSE,0,TRUE
LEAD_0317,19-08-2026,CMP_G_03,Google Ads,Rau,18-24,Male,FALSE,0,TRUE
LEAD_0318,13-09-2026,CMP_M_02,Meta Ads,Vijay Nagar,18-24,Male,FALSE,0,TRUE
LEAD_0319,08-08-2026,CMP_M_01,Meta Ads,Palasia,25-34,Female,FALSE,0,FALSE
LEAD_0320,13-08-2026,CMP_M_03,Meta Ads,Palasia,35-44,Female,FALSE,0,FALSE
LEAD_0321,18-08-2026,CMP_M_03,Meta Ads,Saket,18-24,Female,FALSE,0,TRUE
LEAD_0322,11-08-2026,CMP_M_03,Meta Ads,Annapurna,25-34,Female,TRUE,1039.83,TRUE
LEAD_0323,07-08-2026,CMP_M_01,Meta Ads,Bhawarkua,18-24,Male,FALSE,0,TRUE
LEAD_0324,29-08-2026,CMP_M_01,Meta Ads,Annapurna,18-24,Female,FALSE,0,TRUE
LEAD_0325,14-09-2026,CMP_M_02,Meta Ads,Bhawarkua,18-24,Male,TRUE,1256.87,TRUE
LEAD_0326,24-08-2026,CMP_G_01,Google Ads,Mahalakshmi Nagar,35-44,Male,TRUE,7821.64,TRUE
LEAD_0327,13-09-2026,CMP_M_01,Meta Ads,Rau,25-34,Male,FALSE,0,TRUE
LEAD_0328,23-08-2026,CMP_G_02,Google Ads,Annapurna,25-34,Male,FALSE,0,TRUE
LEAD_0329,29-08-2026,CMP_M_01,Meta Ads,Vijay Nagar,35-44,Female,FALSE,0,FALSE
LEAD_0330,25-08-2026,CMP_G_01,Google Ads,Bhawarkua,18-24,Female,FALSE,0,TRUE
LEAD_0331,06-08-2026,CMP_G_02,Google Ads,Rau,25-34,Male,FALSE,0,TRUE
LEAD_0332,14-09-2026,CMP_M_02,Meta Ads,Mahalakshmi Nagar,25-34,Female,FALSE,0,TRUE
LEAD_0333,02-09-2026,CMP_M_01,Meta Ads,Bhawarkua,18-24,Female,FALSE,0,TRUE
LEAD_0334,16-08-2026,CMP_M_03,Meta Ads,Vijay Nagar,18-24,Male,FALSE,0,TRUE
LEAD_0335,01-08-2026,CMP_G_01,Google Ads,Saket,18-24,Male,FALSE,0,FALSE
LEAD_0336,24-08-2026,CMP_M_01,Meta Ads,Palasia,35-44,Male,FALSE,0,TRUE
LEAD_0337,02-08-2026,CMP_M_02,Meta Ads,Palasia,18-24,Female,TRUE,2485.88,TRUE
LEAD_0338,02-09-2026,CMP_M_02,Meta Ads,Annapurna,25-34,Female,FALSE,0,TRUE
LEAD_0339,06-08-2026,CMP_M_02,Meta Ads,Rau,25-34,Female,FALSE,0,TRUE
LEAD_0340,02-09-2026,CMP_G_03,Google Ads,Mahalakshmi Nagar,18-24,Female,FALSE,0,FALSE
LEAD_0341,11-09-2026,CMP_M_01,Meta Ads,Vijay Nagar,18-24,Female,FALSE,0,TRUE
LEAD_0342,16-08-2026,CMP_M_03,Meta Ads,Vijay Nagar,35-44,Female,FALSE,0,TRUE
LEAD_0343,04-08-2026,CMP_M_01,Meta Ads,Annapurna,25-34,Female,FALSE,0,TRUE
LEAD_0344,09-08-2026,CMP_G_01,Google Ads,Palasia,25-34,Female,FALSE,0,TRUE
LEAD_0345,17-08-2026,CMP_M_01,Meta Ads,Palasia,25-34,Male,FALSE,0,TRUE
LEAD_0346,08-08-2026,CMP_M_02,Meta Ads,Vijay Nagar,18-24,Female,FALSE,0,TRUE
LEAD_0347,17-08-2026,CMP_M_01,Meta Ads,Rau,25-34,Female,FALSE,0,TRUE
LEAD_0348,04-08-2026,CMP_M_01,Meta Ads,Rau,18-24,Female,FALSE,0,TRUE
LEAD_0349,06-09-2026,CMP_M_02,Meta Ads,Vijay Nagar,18-24,Female,FALSE,0,TRUE
LEAD_0350,01-08-2026,CMP_G_01,Google Ads,Bhawarkua,35-44,Female,TRUE,4193.94,TRUE
LEAD_0351,03-08-2026,CMP_M_03,Meta Ads,Annapurna,25-34,Female,FALSE,0,TRUE
LEAD_0352,27-08-2026,CMP_G_03,Google Ads,Mahalakshmi Nagar,18-24,Female,TRUE,3372.81,TRUE
LEAD_0353,04-08-2026,CMP_M_01,Meta Ads,Mahalakshmi Nagar,25-34,Female,FALSE,0,TRUE
LEAD_0354,30-08-2026,CMP_G_03,Google Ads,Mahalakshmi Nagar,35-44,Female,FALSE,0,FALSE
LEAD_0355,01-08-2026,CMP_M_01,Meta Ads,Saket,25-34,Female,FALSE,0,TRUE
LEAD_0356,30-08-2026,CMP_M_01,Meta Ads,Bhawarkua,45+,Male,FALSE,0,TRUE
LEAD_0357,04-09-2026,CMP_M_02,Meta Ads,Palasia,18-24,Male,FALSE,0,TRUE
LEAD_0358,04-09-2026,CMP_G_01,Google Ads,Mahalakshmi Nagar,25-34,Female,FALSE,0,TRUE
LEAD_0359,12-09-2026,CMP_G_03,Google Ads,Saket,18-24,Female,TRUE,1915.94,FALSE
LEAD_0360,01-09-2026,CMP_G_02,Google Ads,Palasia,25-34,Female,FALSE,0,FALSE
LEAD_0361,03-09-2026,CMP_M_03,Meta Ads,Saket,25-34,Male,FALSE,0,TRUE
LEAD_0362,02-09-2026,CMP_M_01,Meta Ads,Mahalakshmi Nagar,25-34,Male,FALSE,0,TRUE
LEAD_0363,12-09-2026,CMP_G_01,Google Ads,Palasia,18-24,Male,FALSE,0,FALSE
LEAD_0364,26-08-2026,CMP_M_03,Meta Ads,Annapurna,18-24,Female,FALSE,0,TRUE
LEAD_0365,13-08-2026,CMP_G_02,Google Ads,Vijay Nagar,18-24,Female,TRUE,1862.78,FALSE
LEAD_0366,27-08-2026,CMP_M_01,Meta Ads,Saket,45+,Female,FALSE,0,TRUE
LEAD_0367,17-08-2026,CMP_G_03,Google Ads,Mahalakshmi Nagar,25-34,Male,TRUE,3201.7,TRUE
LEAD_0368,03-08-2026,CMP_M_02,Meta Ads,Palasia,18-24,Female,TRUE,1480.56,FALSE
LEAD_0369,02-09-2026,CMP_G_03,Google Ads,Saket,18-24,Male,FALSE,0,TRUE
LEAD_0370,26-08-2026,CMP_G_01,Google Ads,Rau,25-34,Female,FALSE,0,FALSE
LEAD_0371,09-08-2026,CMP_M_01,Meta Ads,Vijay Nagar,35-44,Male,FALSE,0,TRUE
LEAD_0372,26-08-2026,CMP_G_01,Google Ads,Annapurna,45+,Female,FALSE,0,TRUE
LEAD_0373,05-08-2026,CMP_M_01,Meta Ads,Vijay Nagar,18-24,Male,FALSE,0,TRUE
LEAD_0374,06-08-2026,CMP_M_02,Meta Ads,Mahalakshmi Nagar,35-44,Female,FALSE,0,FALSE
LEAD_0375,04-08-2026,CMP_M_03,Meta Ads,Rau,25-34,Male,FALSE,0,TRUE
LEAD_0376,25-08-2026,CMP_M_01,Meta Ads,Palasia,25-34,Male,FALSE,0,TRUE
LEAD_0377,29-08-2026,CMP_G_02,Google Ads,Rau,25-34,Male,TRUE,4403.64,TRUE
LEAD_0378,05-09-2026,CMP_M_01,Meta Ads,Vijay Nagar,18-24,Female,FALSE,0,TRUE
LEAD_0379,03-09-2026,CMP_G_02,Google Ads,Rau,35-44,Male,TRUE,2247.1,FALSE
LEAD_0380,23-08-2026,CMP_M_02,Meta Ads,Mahalakshmi Nagar,25-34,Male,FALSE,0,TRUE
LEAD_0381,25-08-2026,CMP_M_01,Meta Ads,Vijay Nagar,18-24,Female,FALSE,0,TRUE
LEAD_0382,18-08-2026,CMP_M_03,Meta Ads,Rau,25-34,Male,TRUE,1058.2,FALSE
LEAD_0383,11-08-2026,CMP_G_02,Google Ads,Annapurna,18-24,Female,FALSE,0,TRUE
LEAD_0384,04-08-2026,CMP_M_02,Meta Ads,Rau,35-44,Male,TRUE,2962.93,FALSE
LEAD_0385,12-08-2026,CMP_G_03,Google Ads,Mahalakshmi Nagar,25-34,Female,TRUE,1375.47,TRUE
LEAD_0386,14-09-2026,CMP_M_01,Meta Ads,Rau,25-34,Female,FALSE,0,TRUE
LEAD_0387,01-09-2026,CMP_G_02,Google Ads,Palasia,25-34,Female,FALSE,0,TRUE
LEAD_0388,15-08-2026,CMP_G_02,Google Ads,Bhawarkua,18-24,Male,FALSE,0,TRUE
LEAD_0389,09-08-2026,CMP_G_02,Google Ads,Mahalakshmi Nagar,35-44,Female,TRUE,2558.58,TRUE
LEAD_0390,07-09-2026,CMP_G_01,Google Ads,Vijay Nagar,35-44,Male,TRUE,6816.77,TRUE
LEAD_0391,24-08-2026,CMP_M_03,Meta Ads,Rau,18-24,Female,TRUE,2802.25,TRUE
LEAD_0392,11-08-2026,CMP_G_01,Google Ads,Bhawarkua,35-44,Male,FALSE,0,TRUE
LEAD_0393,12-08-2026,CMP_M_01,Meta Ads,Rau,25-34,Male,FALSE,0,TRUE
LEAD_0394,15-08-2026,CMP_M_02,Meta Ads,Mahalakshmi Nagar,18-24,Female,FALSE,0,TRUE
LEAD_0395,09-08-2026,CMP_M_02,Meta Ads,Vijay Nagar,45+,Male,FALSE,0,TRUE
LEAD_0396,06-09-2026,CMP_G_03,Google Ads,Mahalakshmi Nagar,45+,Female,TRUE,987.43,TRUE
LEAD_0397,01-09-2026,CMP_M_01,Meta Ads,Palasia,18-24,Female,TRUE,3601.67,FALSE
LEAD_0398,06-08-2026,CMP_M_01,Meta Ads,Annapurna,25-34,Male,FALSE,0,TRUE
LEAD_0399,17-08-2026,CMP_G_03,Google Ads,Saket,18-24,Female,TRUE,1466.15,TRUE
LEAD_0400,25-08-2026,CMP_G_01,Google Ads,Palasia,35-44,Female,TRUE,5297.85,TRUE
LEAD_0401,04-09-2026,CMP_G_03,Google Ads,Mahalakshmi Nagar,25-34,Male,FALSE,0,TRUE
LEAD_0402,13-09-2026,CMP_M_01,Meta Ads,Mahalakshmi Nagar,35-44,Female,TRUE,4085.82,TRUE
LEAD_0403,07-08-2026,CMP_G_03,Google Ads,Palasia,35-44,Female,FALSE,0,TRUE
LEAD_0404,06-08-2026,CMP_G_01,Google Ads,Bhawarkua,25-34,Female,TRUE,4726.32,FALSE
LEAD_0405,08-09-2026,CMP_M_01,Meta Ads,Palasia,18-24,Female,FALSE,0,FALSE
LEAD_0406,27-08-2026,CMP_M_03,Meta Ads,Annapurna,25-34,Male,TRUE,2782.43,FALSE
LEAD_0407,07-08-2026,CMP_G_02,Google Ads,Rau,25-34,Female,FALSE,0,TRUE
LEAD_0408,01-08-2026,CMP_G_01,Google Ads,Saket,35-44,Male,FALSE,0,TRUE
LEAD_0409,07-08-2026,CMP_M_01,Meta Ads,Saket,45+,Female,TRUE,2946.69,TRUE
LEAD_0410,26-08-2026,CMP_G_01,Google Ads,Annapurna,18-24,Male,FALSE,0,TRUE
LEAD_0411,24-08-2026,CMP_G_03,Google Ads,Saket,18-24,Female,FALSE,0,FALSE
LEAD_0412,17-08-2026,CMP_G_03,Google Ads,Vijay Nagar,18-24,Male,TRUE,1510.85,TRUE
LEAD_0413,12-09-2026,CMP_G_01,Google Ads,Mahalakshmi Nagar,25-34,Female,TRUE,4759.61,TRUE
LEAD_0414,03-09-2026,CMP_M_02,Meta Ads,Rau,25-34,Male,FALSE,0,TRUE
LEAD_0415,16-08-2026,CMP_M_01,Meta Ads,Vijay Nagar,25-34,Male,FALSE,0,TRUE
LEAD_0416,06-09-2026,CMP_G_01,Google Ads,Mahalakshmi Nagar,25-34,Male,FALSE,0,FALSE
LEAD_0417,29-08-2026,CMP_G_01,Google Ads,Palasia,45+,Male,FALSE,0,TRUE
LEAD_0418,28-08-2026,CMP_G_01,Google Ads,Annapurna,25-34,Male,FALSE,0,TRUE
LEAD_0419,08-09-2026,CMP_M_01,Meta Ads,Annapurna,35-44,Female,FALSE,0,TRUE
LEAD_0420,26-08-2026,CMP_G_03,Google Ads,Rau,25-34,Male,TRUE,2390.55,FALSE
LEAD_0421,09-09-2026,CMP_M_02,Meta Ads,Mahalakshmi Nagar,25-34,Female,FALSE,0,TRUE
LEAD_0422,07-09-2026,CMP_G_01,Google Ads,Vijay Nagar,35-44,Female,TRUE,6121.26,FALSE
LEAD_0423,19-08-2026,CMP_G_01,Google Ads,Saket,35-44,Female,FALSE,0,FALSE
LEAD_0424,06-09-2026,CMP_M_01,Meta Ads,Vijay Nagar,18-24,Female,FALSE,0,TRUE
LEAD_0425,13-09-2026,CMP_M_01,Meta Ads,Vijay Nagar,25-34,Male,FALSE,0,TRUE
LEAD_0426,04-08-2026,CMP_M_02,Meta Ads,Saket,35-44,Female,FALSE,0,TRUE
LEAD_0427,20-08-2026,CMP_M_02,Meta Ads,Mahalakshmi Nagar,25-34,Male,FALSE,0,TRUE
LEAD_0428,15-08-2026,CMP_G_01,Google Ads,Bhawarkua,35-44,Female,TRUE,3566,FALSE
LEAD_0429,08-09-2026,CMP_M_02,Meta Ads,Palasia,25-34,Male,FALSE,0,TRUE
LEAD_0430,01-09-2026,CMP_G_03,Google Ads,Mahalakshmi Nagar,25-34,Female,FALSE,0,TRUE
LEAD_0431,05-08-2026,CMP_M_02,Meta Ads,Rau,25-34,Male,FALSE,0,TRUE
LEAD_0432,06-09-2026,CMP_M_01,Meta Ads,Palasia,35-44,Female,FALSE,0,TRUE
LEAD_0433,03-08-2026,CMP_G_01,Google Ads,Saket,25-34,Female,FALSE,0,TRUE
LEAD_0434,02-09-2026,CMP_M_02,Meta Ads,Vijay Nagar,25-34,Female,FALSE,0,TRUE
LEAD_0435,29-08-2026,CMP_M_01,Meta Ads,Mahalakshmi Nagar,25-34,Female,FALSE,0,TRUE
LEAD_0436,17-08-2026,CMP_G_03,Google Ads,Saket,18-24,Female,TRUE,2922.2,TRUE
LEAD_0437,14-08-2026,CMP_M_02,Meta Ads,Annapurna,18-24,Female,FALSE,0,FALSE
LEAD_0438,02-09-2026,CMP_M_01,Meta Ads,Mahalakshmi Nagar,25-34,Female,TRUE,2914.3,FALSE
LEAD_0439,12-08-2026,CMP_G_01,Google Ads,Saket,25-34,Male,TRUE,6226.51,TRUE
LEAD_0440,11-09-2026,CMP_M_02,Meta Ads,Bhawarkua,35-44,Female,FALSE,0,TRUE
LEAD_0441,20-08-2026,CMP_G_02,Google Ads,Mahalakshmi Nagar,25-34,Male,FALSE,0,TRUE
LEAD_0442,12-09-2026,CMP_G_01,Google Ads,Rau,25-34,Male,TRUE,8308.97,FALSE
LEAD_0443,07-08-2026,CMP_G_02,Google Ads,Saket,45+,Male,FALSE,0,TRUE
LEAD_0444,17-08-2026,CMP_M_02,Meta Ads,Annapurna,18-24,Female,FALSE,0,TRUE
LEAD_0445,04-08-2026,CMP_M_02,Meta Ads,Rau,25-34,Female,TRUE,3074.66,FALSE
LEAD_0446,02-08-2026,CMP_G_01,Google Ads,Saket,35-44,Female,TRUE,6535.78,FALSE
LEAD_0447,07-09-2026,CMP_M_02,Meta Ads,Palasia,18-24,Male,TRUE,2811.79,TRUE
LEAD_0448,10-09-2026,CMP_M_02,Meta Ads,Annapurna,25-34,Female,FALSE,0,TRUE
LEAD_0449,12-09-2026,CMP_G_02,Google Ads,Palasia,18-24,Female,FALSE,0,FALSE
LEAD_0450,05-09-2026,CMP_M_02,Meta Ads,Palasia,45+,Male,FALSE,0,TRUE
LEAD_0451,15-08-2026,CMP_M_01,Meta Ads,Annapurna,35-44,Female,FALSE,0,TRUE
LEAD_0452,24-08-2026,CMP_M_03,Meta Ads,Saket,25-34,Female,FALSE,0,TRUE
LEAD_0453,10-09-2026,CMP_G_01,Google Ads,Rau,18-24,Male,FALSE,0,TRUE
LEAD_0454,13-09-2026,CMP_M_01,Meta Ads,Vijay Nagar,35-44,Female,TRUE,4975.51,TRUE
LEAD_0455,22-08-2026,CMP_M_03,Meta Ads,Rau,35-44,Male,FALSE,0,TRUE
LEAD_0456,12-08-2026,CMP_G_01,Google Ads,Bhawarkua,18-24,Male,FALSE,0,TRUE
LEAD_0457,04-08-2026,CMP_G_03,Google Ads,Saket,18-24,Male,FALSE,0,TRUE
LEAD_0458,11-08-2026,CMP_M_01,Meta Ads,Mahalakshmi Nagar,35-44,Female,FALSE,0,TRUE
LEAD_0459,28-08-2026,CMP_G_03,Google Ads,Bhawarkua,25-34,Female,FALSE,0,TRUE
LEAD_0460,24-08-2026,CMP_G_02,Google Ads,Saket,35-44,Female,FALSE,0,FALSE
LEAD_0461,01-08-2026,CMP_G_01,Google Ads,Palasia,18-24,Male,FALSE,0,TRUE
LEAD_0462,07-08-2026,CMP_G_03,Google Ads,Palasia,18-24,Female,TRUE,1935.59,TRUE
LEAD_0463,30-08-2026,CMP_M_03,Meta Ads,Saket,25-34,Male,TRUE,2865.15,TRUE
LEAD_0464,01-09-2026,CMP_G_01,Google Ads,Palasia,18-24,Male,FALSE,0,TRUE
LEAD_0465,02-08-2026,CMP_M_02,Meta Ads,Palasia,18-24,Female,TRUE,1516.73,FALSE
LEAD_0466,08-08-2026,CMP_M_01,Meta Ads,Annapurna,35-44,Female,FALSE,0,TRUE
LEAD_0467,04-09-2026,CMP_M_01,Meta Ads,Rau,45+,Male,FALSE,0,TRUE
LEAD_0468,02-08-2026,CMP_M_01,Meta Ads,Bhawarkua,25-34,Female,TRUE,3074.94,TRUE
LEAD_0469,10-08-2026,CMP_M_01,Meta Ads,Annapurna,25-34,Female,FALSE,0,TRUE
LEAD_0470,12-09-2026,CMP_M_01,Meta Ads,Annapurna,18-24,Male,TRUE,5765.76,TRUE
LEAD_0471,09-09-2026,CMP_G_01,Google Ads,Vijay Nagar,35-44,Female,FALSE,0,TRUE
LEAD_0472,17-08-2026,CMP_M_01,Meta Ads,Saket,25-34,Female,TRUE,7539.54,FALSE
LEAD_0473,01-09-2026,CMP_G_01,Google Ads,Annapurna,45+,Female,FALSE,0,FALSE
LEAD_0474,12-09-2026,CMP_G_01,Google Ads,Rau,25-34,Female,TRUE,3307.32,TRUE
LEAD_0475,02-09-2026,CMP_G_01,Google Ads,Annapurna,18-24,Female,FALSE,0,TRUE
LEAD_0476,19-08-2026,CMP_G_02,Google Ads,Mahalakshmi Nagar,18-24,Female,TRUE,2298.03,TRUE
LEAD_0477,13-09-2026,CMP_G_02,Google Ads,Annapurna,18-24,Male,FALSE,0,TRUE
LEAD_0478,01-08-2026,CMP_M_03,Meta Ads,Annapurna,25-34,Female,FALSE,0,FALSE
LEAD_0479,09-09-2026,CMP_M_03,Meta Ads,Saket,35-44,Female,TRUE,1624.44,FALSE
LEAD_0480,30-08-2026,CMP_G_03,Google Ads,Bhawarkua,25-34,Female,FALSE,0,TRUE
LEAD_0481,11-08-2026,CMP_G_03,Google Ads,Vijay Nagar,45+,Male,TRUE,1205.25,TRUE
LEAD_0482,07-09-2026,CMP_G_01,Google Ads,Bhawarkua,18-24,Female,TRUE,5551.25,TRUE
LEAD_0483,02-08-2026,CMP_G_03,Google Ads,Mahalakshmi Nagar,25-34,Male,FALSE,0,FALSE
LEAD_0484,01-09-2026,CMP_M_01,Meta Ads,Bhawarkua,25-34,Female,FALSE,0,TRUE
LEAD_0485,01-08-2026,CMP_M_01,Meta Ads,Annapurna,25-34,Male,FALSE,0,TRUE
LEAD_0486,15-08-2026,CMP_M_02,Meta Ads,Saket,25-34,Male,TRUE,3540.32,TRUE
LEAD_0487,28-08-2026,CMP_M_01,Meta Ads,Palasia,25-34,Male,FALSE,0,TRUE
LEAD_0488,10-08-2026,CMP_M_01,Meta Ads,Rau,35-44,Male,FALSE,0,TRUE
LEAD_0489,11-08-2026,CMP_G_01,Google Ads,Bhawarkua,35-44,Female,TRUE,5681.74,TRUE
LEAD_0490,16-08-2026,CMP_M_01,Meta Ads,Rau,18-24,Male,TRUE,4686.1,TRUE
LEAD_0491,16-08-2026,CMP_G_03,Google Ads,Bhawarkua,35-44,Female,FALSE,0,TRUE
LEAD_0492,29-08-2026,CMP_M_02,Meta Ads,Bhawarkua,25-34,Female,FALSE,0,TRUE
LEAD_0493,03-08-2026,CMP_G_03,Google Ads,Vijay Nagar,35-44,Male,FALSE,0,TRUE
LEAD_0494,10-09-2026,CMP_M_03,Meta Ads,Rau,25-34,Male,FALSE,0,TRUE
LEAD_0495,22-08-2026,CMP_M_01,Meta Ads,Vijay Nagar,35-44,Male,FALSE,0,TRUE
LEAD_0496,09-09-2026,CMP_G_03,Google Ads,Annapurna,25-34,Male,FALSE,0,TRUE
LEAD_0497,12-09-2026,CMP_G_01,Google Ads,Saket,25-34,Male,FALSE,0,TRUE
LEAD_0498,05-09-2026,CMP_M_02,Meta Ads,Annapurna,18-24,Male,FALSE,0,TRUE
LEAD_0499,27-08-2026,CMP_M_01,Meta Ads,Palasia,18-24,Male,TRUE,3409.68,TRUE
LEAD_0500,13-08-2026,CMP_G_02,Google Ads,Bhawarkua,18-24,Male,TRUE,3837.08,TRUE
LEAD_0501,08-08-2026,CMP_M_02,Meta Ads,Bhawarkua,25-34,Male,FALSE,0,TRUE
LEAD_0502,01-09-2026,CMP_M_01,Meta Ads,Annapurna,18-24,Male,FALSE,0,TRUE
LEAD_0503,31-08-2026,CMP_M_02,Meta Ads,Mahalakshmi Nagar,35-44,Female,FALSE,0,FALSE
LEAD_0504,09-08-2026,CMP_M_01,Meta Ads,Rau,35-44,Female,TRUE,3390.26,TRUE
LEAD_0505,08-09-2026,CMP_G_03,Google Ads,Saket,25-34,Female,TRUE,3372.96,FALSE
LEAD_0506,09-08-2026,CMP_G_02,Google Ads,Rau,25-34,Male,FALSE,0,TRUE
LEAD_0507,14-09-2026,CMP_G_02,Google Ads,Annapurna,45+,Male,TRUE,3262.54,TRUE
LEAD_0508,09-09-2026,CMP_G_02,Google Ads,Annapurna,18-24,Male,TRUE,3828.91,TRUE
LEAD_0509,12-08-2026,CMP_M_03,Meta Ads,Saket,25-34,Male,TRUE,2260.51,TRUE
LEAD_0510,07-09-2026,CMP_M_01,Meta Ads,Annapurna,25-34,Male,FALSE,0,TRUE
LEAD_0511,04-09-2026,CMP_M_03,Meta Ads,Mahalakshmi Nagar,25-34,Female,FALSE,0,TRUE
LEAD_0512,25-08-2026,CMP_G_01,Google Ads,Annapurna,18-24,Female,FALSE,0,TRUE
LEAD_0513,19-08-2026,CMP_M_02,Meta Ads,Vijay Nagar,25-34,Female,TRUE,2745.15,TRUE
LEAD_0514,03-08-2026,CMP_M_02,Meta Ads,Rau,35-44,Male,TRUE,1868.44,TRUE
LEAD_0515,11-09-2026,CMP_M_02,Meta Ads,Palasia,25-34,Male,FALSE,0,TRUE
LEAD_0516,14-09-2026,CMP_M_02,Meta Ads,Bhawarkua,25-34,Male,FALSE,0,TRUE
LEAD_0517,21-08-2026,CMP_M_03,Meta Ads,Vijay Nagar,18-24,Female,FALSE,0,FALSE
LEAD_0518,29-08-2026,CMP_M_01,Meta Ads,Annapurna,25-34,Female,TRUE,7530.91,FALSE
LEAD_0519,08-09-2026,CMP_M_01,Meta Ads,Palasia,18-24,Female,TRUE,3919.87,FALSE
LEAD_0520,12-08-2026,CMP_M_02,Meta Ads,Annapurna,25-34,Female,FALSE,0,FALSE
LEAD_0521,05-09-2026,CMP_G_03,Google Ads,Palasia,25-34,Female,FALSE,0,TRUE
LEAD_0522,10-08-2026,CMP_G_03,Google Ads,Saket,25-34,Male,FALSE,0,TRUE
LEAD_0523,12-09-2026,CMP_M_01,Meta Ads,Rau,25-34,Male,TRUE,4516.58,FALSE
LEAD_0524,15-08-2026,CMP_G_03,Google Ads,Mahalakshmi Nagar,25-34,Female,TRUE,3483.87,TRUE
LEAD_0525,06-08-2026,CMP_M_01,Meta Ads,Annapurna,18-24,Female,TRUE,4791.6,FALSE
LEAD_0526,09-09-2026,CMP_G_02,Google Ads,Rau,35-44,Male,FALSE,0,TRUE
LEAD_0527,12-09-2026,CMP_G_01,Google Ads,Palasia,35-44,Male,FALSE,0,TRUE
LEAD_0528,03-08-2026,CMP_M_01,Meta Ads,Saket,25-34,Male,FALSE,0,TRUE
LEAD_0529,17-08-2026,CMP_G_01,Google Ads,Saket,18-24,Female,FALSE,0,TRUE
LEAD_0530,02-09-2026,CMP_M_02,Meta Ads,Vijay Nagar,18-24,Male,TRUE,3067.61,TRUE
LEAD_0531,06-08-2026,CMP_G_03,Google Ads,Mahalakshmi Nagar,25-34,Female,TRUE,3460.17,TRUE
LEAD_0532,12-09-2026,CMP_G_01,Google Ads,Annapurna,25-34,Female,TRUE,6388.23,TRUE
LEAD_0533,14-09-2026,CMP_M_01,Meta Ads,Bhawarkua,25-34,Male,TRUE,7808.23,FALSE
LEAD_0534,10-08-2026,CMP_M_02,Meta Ads,Annapurna,18-24,Female,FALSE,0,TRUE
LEAD_0535,17-08-2026,CMP_G_01,Google Ads,Palasia,35-44,Female,TRUE,5981.08,TRUE
LEAD_0536,26-08-2026,CMP_M_01,Meta Ads,Annapurna,18-24,Female,TRUE,5268.24,TRUE
LEAD_0537,05-08-2026,CMP_M_02,Meta Ads,Annapurna,35-44,Female,TRUE,2941.09,TRUE
LEAD_0538,19-08-2026,CMP_M_01,Meta Ads,Saket,25-34,Female,FALSE,0,TRUE
LEAD_0539,25-08-2026,CMP_M_03,Meta Ads,Annapurna,18-24,Female,FALSE,0,TRUE
LEAD_0540,26-08-2026,CMP_G_02,Google Ads,Mahalakshmi Nagar,25-34,Male,FALSE,0,TRUE
LEAD_0541,13-09-2026,CMP_G_01,Google Ads,Mahalakshmi Nagar,25-34,Female,TRUE,7855.78,FALSE
LEAD_0542,05-09-2026,CMP_M_03,Meta Ads,Palasia,18-24,Female,FALSE,0,FALSE
LEAD_0543,04-09-2026,CMP_M_01,Meta Ads,Vijay Nagar,18-24,Male,FALSE,0,TRUE
LEAD_0544,23-08-2026,CMP_M_03,Meta Ads,Mahalakshmi Nagar,25-34,Female,TRUE,1471.69,FALSE
LEAD_0545,17-08-2026,CMP_G_02,Google Ads,Palasia,25-34,Female,FALSE,0,TRUE
LEAD_0546,05-09-2026,CMP_G_01,Google Ads,Rau,18-24,Male,FALSE,0,TRUE
LEAD_0547,13-08-2026,CMP_G_02,Google Ads,Bhawarkua,45+,Female,FALSE,0,TRUE
LEAD_0548,16-08-2026,CMP_M_02,Meta Ads,Rau,18-24,Female,FALSE,0,TRUE
LEAD_0549,22-08-2026,CMP_M_01,Meta Ads,Saket,25-34,Female,FALSE,0,TRUE
LEAD_0550,21-08-2026,CMP_M_01,Meta Ads,Palasia,18-24,Female,FALSE,0,FALSE
LEAD_0551,11-09-2026,CMP_G_02,Google Ads,Mahalakshmi Nagar,25-34,Male,FALSE,0,TRUE
LEAD_0552,31-08-2026,CMP_G_03,Google Ads,Saket,25-34,Female,TRUE,2149.69,TRUE
LEAD_0553,06-08-2026,CMP_M_01,Meta Ads,Mahalakshmi Nagar,35-44,Male,FALSE,0,TRUE
LEAD_0554,10-09-2026,CMP_G_02,Google Ads,Vijay Nagar,35-44,Male,FALSE,0,TRUE
LEAD_0555,07-09-2026,CMP_M_01,Meta Ads,Palasia,35-44,Female,TRUE,6099.73,FALSE
LEAD_0556,04-09-2026,CMP_M_01,Meta Ads,Mahalakshmi Nagar,18-24,Female,FALSE,0,TRUE
LEAD_0557,07-09-2026,CMP_M_03,Meta Ads,Saket,18-24,Female,FALSE,0,TRUE
LEAD_0558,24-08-2026,CMP_G_01,Google Ads,Annapurna,18-24,Male,FALSE,0,TRUE
LEAD_0559,13-09-2026,CMP_M_03,Meta Ads,Bhawarkua,18-24,Female,TRUE,1347.78,TRUE
LEAD_0560,10-08-2026,CMP_M_01,Meta Ads,Bhawarkua,45+,Female,FALSE,0,TRUE
LEAD_0561,15-08-2026,CMP_M_02,Meta Ads,Saket,18-24,Male,FALSE,0,TRUE
LEAD_0562,24-08-2026,CMP_M_01,Meta Ads,Bhawarkua,35-44,Female,FALSE,0,TRUE
LEAD_0563,07-08-2026,CMP_M_01,Meta Ads,Rau,25-34,Female,FALSE,0,TRUE
LEAD_0564,07-09-2026,CMP_M_02,Meta Ads,Palasia,25-34,Female,FALSE,0,TRUE
LEAD_0565,05-08-2026,CMP_M_01,Meta Ads,Bhawarkua,45+,Female,FALSE,0,TRUE
LEAD_0566,23-08-2026,CMP_G_03,Google Ads,Bhawarkua,35-44,Female,FALSE,0,TRUE
LEAD_0567,29-08-2026,CMP_M_03,Meta Ads,Vijay Nagar,25-34,Female,FALSE,0,TRUE
LEAD_0568,11-08-2026,CMP_G_02,Google Ads,Annapurna,35-44,Male,FALSE,0,TRUE
LEAD_0569,22-08-2026,CMP_G_03,Google Ads,Bhawarkua,25-34,Male,TRUE,2844.69,TRUE
LEAD_0570,27-08-2026,CMP_M_01,Meta Ads,Vijay Nagar,18-24,Male,FALSE,0,TRUE
LEAD_0571,02-09-2026,CMP_G_01,Google Ads,Rau,18-24,Female,FALSE,0,TRUE
LEAD_0572,03-09-2026,CMP_M_03,Meta Ads,Rau,25-34,Male,TRUE,3487.24,TRUE
LEAD_0573,19-08-2026,CMP_M_02,Meta Ads,Palasia,25-34,Male,FALSE,0,FALSE
LEAD_0574,11-08-2026,CMP_M_02,Meta Ads,Bhawarkua,25-34,Male,FALSE,0,TRUE
LEAD_0575,12-08-2026,CMP_M_02,Meta Ads,Palasia,25-34,Female,TRUE,2582.67,TRUE
LEAD_0576,07-09-2026,CMP_M_01,Meta Ads,Palasia,18-24,Female,TRUE,3192.4,TRUE
LEAD_0577,02-09-2026,CMP_M_02,Meta Ads,Mahalakshmi Nagar,18-24,Female,FALSE,0,TRUE
LEAD_0578,09-09-2026,CMP_M_01,Meta Ads,Rau,25-34,Female,TRUE,6218.94,FALSE
LEAD_0579,09-08-2026,CMP_M_01,Meta Ads,Rau,35-44,Male,FALSE,0,FALSE
LEAD_0580,11-09-2026,CMP_M_02,Meta Ads,Bhawarkua,25-34,Female,FALSE,0,TRUE
LEAD_0581,15-08-2026,CMP_M_01,Meta Ads,Bhawarkua,35-44,Female,FALSE,0,FALSE
LEAD_0582,14-09-2026,CMP_M_01,Meta Ads,Saket,25-34,Female,TRUE,6083.89,TRUE
LEAD_0583,19-08-2026,CMP_M_02,Meta Ads,Rau,25-34,Female,FALSE,0,TRUE
LEAD_0584,01-08-2026,CMP_M_02,Meta Ads,Vijay Nagar,25-34,Female,FALSE,0,TRUE
LEAD_0585,21-08-2026,CMP_G_02,Google Ads,Vijay Nagar,18-24,Male,FALSE,0,TRUE
LEAD_0586,04-09-2026,CMP_G_02,Google Ads,Saket,25-34,Male,FALSE,0,TRUE
LEAD_0587,14-08-2026,CMP_G_03,Google Ads,Mahalakshmi Nagar,25-34,Female,FALSE,0,TRUE
LEAD_0588,31-08-2026,CMP_M_01,Meta Ads,Saket,25-34,Male,FALSE,0,TRUE
LEAD_0589,09-08-2026,CMP_G_03,Google Ads,Annapurna,18-24,Female,FALSE,0,FALSE
LEAD_0590,11-08-2026,CMP_M_02,Meta Ads,Rau,25-34,Female,FALSE,0,TRUE
LEAD_0591,14-09-2026,CMP_M_01,Meta Ads,Vijay Nagar,18-24,Male,FALSE,0,TRUE
LEAD_0592,06-08-2026,CMP_G_01,Google Ads,Rau,25-34,Female,TRUE,7492.56,TRUE
LEAD_0593,06-08-2026,CMP_G_02,Google Ads,Annapurna,25-34,Male,FALSE,0,TRUE
LEAD_0594,03-09-2026,CMP_M_01,Meta Ads,Rau,18-24,Male,FALSE,0,TRUE
LEAD_0595,01-09-2026,CMP_G_02,Google Ads,Annapurna,45+,Female,TRUE,2892.5,TRUE
LEAD_0596,08-09-2026,CMP_G_02,Google Ads,Annapurna,18-24,Female,FALSE,0,TRUE
LEAD_0597,16-08-2026,CMP_G_01,Google Ads,Vijay Nagar,45+,Male,TRUE,6533.61,FALSE
LEAD_0598,26-08-2026,CMP_G_03,Google Ads,Palasia,25-34,Male,FALSE,0,TRUE
LEAD_0599,06-08-2026,CMP_G_01,Google Ads,Annapurna,35-44,Male,FALSE,0,TRUE
LEAD_0600,18-08-2026,CMP_G_03,Google Ads,Palasia,25-34,Female,FALSE,0,TRUE
LEAD_0601,12-08-2026,CMP_G_01,Google Ads,Vijay Nagar,25-34,Female,FALSE,0,TRUE
LEAD_0602,08-08-2026,CMP_G_03,Google Ads,Saket,35-44,Male,FALSE,0,TRUE
LEAD_0603,14-09-2026,CMP_M_01,Meta Ads,Bhawarkua,25-34,Male,FALSE,0,TRUE
LEAD_0604,30-08-2026,CMP_M_02,Meta Ads,Rau,35-44,Female,FALSE,0,TRUE
LEAD_0605,25-08-2026,CMP_G_02,Google Ads,Palasia,25-34,Female,FALSE,0,TRUE
LEAD_0606,23-08-2026,CMP_G_03,Google Ads,Vijay Nagar,25-34,Female,FALSE,0,TRUE
LEAD_0607,26-08-2026,CMP_G_02,Google Ads,Mahalakshmi Nagar,18-24,Female,FALSE,0,TRUE
LEAD_0608,21-08-2026,CMP_G_02,Google Ads,Rau,18-24,Male,FALSE,0,TRUE
LEAD_0609,13-08-2026,CMP_M_02,Meta Ads,Palasia,18-24,Female,FALSE,0,TRUE
LEAD_0610,15-08-2026,CMP_G_02,Google Ads,Palasia,35-44,Female,FALSE,0,TRUE
LEAD_0611,08-08-2026,CMP_M_02,Meta Ads,Annapurna,45+,Female,FALSE,0,FALSE
LEAD_0612,04-09-2026,CMP_G_01,Google Ads,Saket,25-34,Female,TRUE,8260.56,FALSE
LEAD_0613,06-09-2026,CMP_M_03,Meta Ads,Mahalakshmi Nagar,35-44,Female,TRUE,3245.68,TRUE
LEAD_0614,06-09-2026,CMP_G_02,Google Ads,Rau,35-44,Female,FALSE,0,TRUE
LEAD_0615,02-09-2026,CMP_M_01,Meta Ads,Mahalakshmi Nagar,18-24,Male,TRUE,4779.55,FALSE
LEAD_0616,30-08-2026,CMP_M_02,Meta Ads,Annapurna,18-24,Male,TRUE,1752.26,TRUE
LEAD_0617,09-09-2026,CMP_G_03,Google Ads,Palasia,25-34,Female,FALSE,0,FALSE
LEAD_0618,09-09-2026,CMP_M_01,Meta Ads,Palasia,25-34,Female,FALSE,0,TRUE
LEAD_0619,24-08-2026,CMP_M_02,Meta Ads,Bhawarkua,18-24,Female,FALSE,0,TRUE
LEAD_0620,06-09-2026,CMP_G_01,Google Ads,Annapurna,18-24,Female,TRUE,6710.27,FALSE
LEAD_0621,25-08-2026,CMP_G_03,Google Ads,Mahalakshmi Nagar,45+,Female,FALSE,0,TRUE
LEAD_0622,12-08-2026,CMP_M_02,Meta Ads,Palasia,45+,Male,FALSE,0,TRUE
LEAD_0623,21-08-2026,CMP_M_01,Meta Ads,Saket,18-24,Male,FALSE,0,TRUE
LEAD_0624,07-08-2026,CMP_G_01,Google Ads,Vijay Nagar,18-24,Female,FALSE,0,TRUE
LEAD_0625,07-08-2026,CMP_M_02,Meta Ads,Saket,18-24,Female,FALSE,0,TRUE
LEAD_0626,17-08-2026,CMP_M_01,Meta Ads,Bhawarkua,18-24,Male,FALSE,0,TRUE
LEAD_0627,13-08-2026,CMP_M_03,Meta Ads,Annapurna,25-34,Female,FALSE,0,TRUE
LEAD_0628,23-08-2026,CMP_M_02,Meta Ads,Rau,25-34,Male,FALSE,0,TRUE
LEAD_0629,25-08-2026,CMP_M_03,Meta Ads,Bhawarkua,25-34,Female,FALSE,0,TRUE
LEAD_0630,22-08-2026,CMP_G_02,Google Ads,Rau,25-34,Male,FALSE,0,TRUE
LEAD_0631,11-08-2026,CMP_G_01,Google Ads,Annapurna,18-24,Female,TRUE,4758.67,TRUE
LEAD_0632,18-08-2026,CMP_M_01,Meta Ads,Saket,25-34,Female,TRUE,7859.84,FALSE
LEAD_0633,11-08-2026,CMP_M_01,Meta Ads,Vijay Nagar,18-24,Female,FALSE,0,TRUE
LEAD_0634,14-09-2026,CMP_G_02,Google Ads,Palasia,18-24,Female,FALSE,0,TRUE
LEAD_0635,31-08-2026,CMP_G_01,Google Ads,Vijay Nagar,35-44,Female,FALSE,0,TRUE
LEAD_0636,07-08-2026,CMP_M_03,Meta Ads,Palasia,18-24,Male,FALSE,0,TRUE
LEAD_0637,15-08-2026,CMP_G_03,Google Ads,Saket,25-34,Female,FALSE,0,TRUE
LEAD_0638,11-08-2026,CMP_M_01,Meta Ads,Annapurna,25-34,Male,FALSE,0,TRUE
LEAD_0639,30-08-2026,CMP_M_02,Meta Ads,Rau,45+,Female,FALSE,0,FALSE
LEAD_0640,14-09-2026,CMP_G_01,Google Ads,Rau,25-34,Male,FALSE,0,TRUE
LEAD_0641,06-09-2026,CMP_M_01,Meta Ads,Annapurna,25-34,Female,FALSE,0,TRUE
LEAD_0642,04-09-2026,CMP_G_03,Google Ads,Vijay Nagar,25-34,Female,FALSE,0,TRUE
LEAD_0643,20-08-2026,CMP_G_02,Google Ads,Rau,35-44,Male,FALSE,0,TRUE
LEAD_0644,31-08-2026,CMP_G_03,Google Ads,Annapurna,35-44,Male,FALSE,0,TRUE
LEAD_0645,01-08-2026,CMP_M_01,Meta Ads,Mahalakshmi Nagar,18-24,Female,FALSE,0,TRUE
LEAD_0646,24-08-2026,CMP_G_01,Google Ads,Bhawarkua,25-34,Female,TRUE,3874.85,FALSE
LEAD_0647,25-08-2026,CMP_M_02,Meta Ads,Palasia,18-24,Female,FALSE,0,TRUE
LEAD_0648,09-09-2026,CMP_G_02,Google Ads,Annapurna,18-24,Male,FALSE,0,TRUE
LEAD_0649,18-08-2026,CMP_M_01,Meta Ads,Mahalakshmi Nagar,18-24,Female,FALSE,0,TRUE
LEAD_0650,30-08-2026,CMP_G_01,Google Ads,Saket,25-34,Female,FALSE,0,TRUE
LEAD_0651,10-08-2026,CMP_G_03,Google Ads,Rau,18-24,Male,FALSE,0,TRUE
LEAD_0652,09-08-2026,CMP_G_02,Google Ads,Annapurna,18-24,Female,FALSE,0,TRUE
LEAD_0653,14-08-2026,CMP_G_01,Google Ads,Saket,35-44,Female,FALSE,0,TRUE
LEAD_0654,14-09-2026,CMP_G_03,Google Ads,Mahalakshmi Nagar,35-44,Female,TRUE,3036.85,TRUE
LEAD_0655,26-08-2026,CMP_G_02,Google Ads,Bhawarkua,18-24,Male,FALSE,0,TRUE
LEAD_0656,25-08-2026,CMP_G_02,Google Ads,Vijay Nagar,45+,Male,FALSE,0,TRUE
LEAD_0657,29-08-2026,CMP_G_03,Google Ads,Vijay Nagar,18-24,Male,FALSE,0,TRUE
LEAD_0658,12-09-2026,CMP_G_01,Google Ads,Bhawarkua,25-34,Male,FALSE,0,FALSE
LEAD_0659,11-08-2026,CMP_M_03,Meta Ads,Rau,25-34,Female,TRUE,2598.74,TRUE
LEAD_0660,13-08-2026,CMP_M_01,Meta Ads,Vijay Nagar,35-44,Female,FALSE,0,TRUE
LEAD_0661,10-09-2026,CMP_G_01,Google Ads,Vijay Nagar,18-24,Female,FALSE,0,TRUE
LEAD_0662,16-08-2026,CMP_G_01,Google Ads,Mahalakshmi Nagar,25-34,Male,TRUE,2850.9,TRUE
LEAD_0663,06-08-2026,CMP_G_02,Google Ads,Bhawarkua,18-24,Male,FALSE,0,TRUE
LEAD_0664,10-09-2026,CMP_M_03,Meta Ads,Saket,25-34,Male,FALSE,0,TRUE
LEAD_0665,09-08-2026,CMP_M_02,Meta Ads,Saket,45+,Male,FALSE,0,TRUE
LEAD_0666,29-08-2026,CMP_M_02,Meta Ads,Vijay Nagar,25-34,Female,FALSE,0,TRUE
LEAD_0667,03-08-2026,CMP_G_01,Google Ads,Bhawarkua,25-34,Female,FALSE,0,TRUE
LEAD_0668,06-09-2026,CMP_M_01,Meta Ads,Saket,18-24,Female,FALSE,0,TRUE
LEAD_0669,08-09-2026,CMP_M_02,Meta Ads,Rau,18-24,Female,FALSE,0,FALSE
LEAD_0670,17-08-2026,CMP_G_03,Google Ads,Bhawarkua,18-24,Male,FALSE,0,TRUE
LEAD_0671,12-08-2026,CMP_G_03,Google Ads,Rau,35-44,Male,FALSE,0,FALSE
LEAD_0672,05-08-2026,CMP_G_02,Google Ads,Bhawarkua,18-24,Male,TRUE,3638.18,TRUE
LEAD_0673,10-08-2026,CMP_M_02,Meta Ads,Saket,25-34,Female,FALSE,0,TRUE
LEAD_0674,12-09-2026,CMP_G_01,Google Ads,Mahalakshmi Nagar,45+,Female,FALSE,0,TRUE
LEAD_0675,07-08-2026,CMP_G_01,Google Ads,Vijay Nagar,18-24,Male,FALSE,0,TRUE
LEAD_0676,01-09-2026,CMP_G_03,Google Ads,Saket,18-24,Female,TRUE,2319.72,TRUE
LEAD_0677,01-08-2026,CMP_M_02,Meta Ads,Palasia,25-34,Male,FALSE,0,FALSE
LEAD_0678,30-08-2026,CMP_M_02,Meta Ads,Vijay Nagar,25-34,Male,FALSE,0,TRUE
LEAD_0679,24-08-2026,CMP_M_03,Meta Ads,Rau,18-24,Female,TRUE,3044.47,TRUE
LEAD_0680,20-08-2026,CMP_G_01,Google Ads,Rau,18-24,Male,TRUE,3244.23,TRUE
LEAD_0681,13-08-2026,CMP_M_01,Meta Ads,Rau,25-34,Female,TRUE,3900.78,TRUE
LEAD_0682,27-08-2026,CMP_M_02,Meta Ads,Mahalakshmi Nagar,25-34,Female,FALSE,0,TRUE
LEAD_0683,12-09-2026,CMP_M_01,Meta Ads,Vijay Nagar,18-24,Female,FALSE,0,TRUE
LEAD_0684,22-08-2026,CMP_G_03,Google Ads,Rau,25-34,Female,TRUE,2675.34,TRUE
LEAD_0685,21-08-2026,CMP_G_03,Google Ads,Annapurna,25-34,Male,TRUE,3181.11,TRUE
LEAD_0686,06-09-2026,CMP_M_01,Meta Ads,Bhawarkua,35-44,Male,FALSE,0,TRUE
LEAD_0687,29-08-2026,CMP_G_02,Google Ads,Bhawarkua,18-24,Female,FALSE,0,TRUE
LEAD_0688,02-08-2026,CMP_G_02,Google Ads,Saket,18-24,Male,FALSE,0,TRUE
LEAD_0689,21-08-2026,CMP_G_02,Google Ads,Annapurna,35-44,Male,TRUE,1473.78,FALSE
LEAD_0690,06-09-2026,CMP_M_01,Meta Ads,Palasia,18-24,Female,FALSE,0,FALSE
LEAD_0691,17-08-2026,CMP_G_02,Google Ads,Rau,18-24,Female,FALSE,0,TRUE
LEAD_0692,06-09-2026,CMP_G_03,Google Ads,Palasia,25-34,Male,FALSE,0,TRUE
LEAD_0693,12-08-2026,CMP_M_02,Meta Ads,Annapurna,25-34,Male,FALSE,0,TRUE
LEAD_0694,11-09-2026,CMP_G_01,Google Ads,Annapurna,35-44,Female,FALSE,0,TRUE
LEAD_0695,22-08-2026,CMP_M_02,Meta Ads,Mahalakshmi Nagar,25-34,Male,FALSE,0,TRUE
LEAD_0696,15-08-2026,CMP_G_01,Google Ads,Mahalakshmi Nagar,25-34,Female,FALSE,0,TRUE
LEAD_0697,25-08-2026,CMP_M_02,Meta Ads,Rau,18-24,Female,FALSE,0,TRUE
LEAD_0698,02-09-2026,CMP_G_01,Google Ads,Palasia,18-24,Male,FALSE,0,TRUE
LEAD_0699,29-08-2026,CMP_G_03,Google Ads,Rau,25-34,Female,FALSE,0,TRUE
LEAD_0700,26-08-2026,CMP_G_02,Google Ads,Saket,18-24,Female,FALSE,0,TRUE
LEAD_0701,26-08-2026,CMP_G_01,Google Ads,Bhawarkua,25-34,Male,FALSE,0,TRUE
LEAD_0702,09-08-2026,CMP_G_01,Google Ads,Palasia,25-34,Male,FALSE,0,TRUE
LEAD_0703,09-09-2026,CMP_G_02,Google Ads,Rau,18-24,Female,FALSE,0,FALSE
LEAD_0704,21-08-2026,CMP_M_02,Meta Ads,Rau,18-24,Male,FALSE,0,TRUE
LEAD_0705,23-08-2026,CMP_G_03,Google Ads,Saket,25-34,Female,FALSE,0,TRUE
LEAD_0706,23-08-2026,CMP_G_03,Google Ads,Bhawarkua,25-34,Female,TRUE,2563.8,FALSE
LEAD_0707,15-08-2026,CMP_M_03,Meta Ads,Saket,18-24,Male,FALSE,0,TRUE
LEAD_0708,04-08-2026,CMP_G_01,Google Ads,Palasia,35-44,Male,TRUE,4185.38,TRUE
LEAD_0709,14-09-2026,CMP_G_01,Google Ads,Saket,25-34,Female,FALSE,0,TRUE
LEAD_0710,04-09-2026,CMP_G_02,Google Ads,Rau,25-34,Female,FALSE,0,TRUE
LEAD_0711,10-08-2026,CMP_M_01,Meta Ads,Annapurna,18-24,Male,FALSE,0,TRUE
LEAD_0712,03-08-2026,CMP_M_01,Meta Ads,Vijay Nagar,18-24,Male,FALSE,0,TRUE
LEAD_0713,04-08-2026,CMP_M_01,Meta Ads,Vijay Nagar,18-24,Male,FALSE,0,TRUE
LEAD_0714,12-09-2026,CMP_M_01,Meta Ads,Vijay Nagar,18-24,Male,FALSE,0,TRUE
LEAD_0715,15-08-2026,CMP_M_01,Meta Ads,Rau,45+,Female,FALSE,0,FALSE
LEAD_0716,08-09-2026,CMP_G_03,Google Ads,Rau,45+,Female,TRUE,2335.21,TRUE
LEAD_0717,03-08-2026,CMP_M_02,Meta Ads,Saket,25-34,Male,TRUE,1567.96,TRUE
LEAD_0718,13-09-2026,CMP_G_01,Google Ads,Palasia,45+,Male,TRUE,4805.9,TRUE
LEAD_0719,04-08-2026,CMP_G_02,Google Ads,Bhawarkua,35-44,Male,FALSE,0,TRUE
LEAD_0720,05-09-2026,CMP_G_01,Google Ads,Saket,35-44,Male,TRUE,8209.96,TRUE
LEAD_0721,25-08-2026,CMP_G_01,Google Ads,Mahalakshmi Nagar,25-34,Female,TRUE,5768.09,TRUE
LEAD_0722,10-08-2026,CMP_G_02,Google Ads,Saket,35-44,Female,FALSE,0,TRUE
LEAD_0723,14-08-2026,CMP_M_01,Meta Ads,Rau,25-34,Male,FALSE,0,TRUE
LEAD_0724,20-08-2026,CMP_M_02,Meta Ads,Rau,35-44,Female,FALSE,0,TRUE
LEAD_0725,10-08-2026,CMP_M_03,Meta Ads,Rau,35-44,Female,FALSE,0,TRUE
LEAD_0726,08-08-2026,CMP_M_01,Meta Ads,Palasia,25-34,Male,TRUE,3849.57,FALSE
LEAD_0727,27-08-2026,CMP_M_03,Meta Ads,Saket,25-34,Male,FALSE,0,FALSE
LEAD_0728,18-08-2026,CMP_M_03,Meta Ads,Palasia,18-24,Male,TRUE,1310.28,TRUE
LEAD_0729,18-08-2026,CMP_M_01,Meta Ads,Rau,18-24,Female,FALSE,0,TRUE
LEAD_0730,23-08-2026,CMP_M_02,Meta Ads,Mahalakshmi Nagar,25-34,Female,FALSE,0,TRUE
LEAD_0731,11-09-2026,CMP_M_01,Meta Ads,Mahalakshmi Nagar,25-34,Female,FALSE,0,TRUE
LEAD_0732,15-08-2026,CMP_G_02,Google Ads,Vijay Nagar,35-44,Male,TRUE,1509.58,FALSE
LEAD_0733,12-09-2026,CMP_G_02,Google Ads,Mahalakshmi Nagar,18-24,Female,FALSE,0,FALSE
LEAD_0734,29-08-2026,CMP_M_03,Meta Ads,Bhawarkua,25-34,Male,FALSE,0,FALSE
LEAD_0735,28-08-2026,CMP_M_03,Meta Ads,Vijay Nagar,25-34,Male,FALSE,0,TRUE
LEAD_0736,26-08-2026,CMP_M_02,Meta Ads,Rau,25-34,Male,TRUE,2551.06,FALSE
LEAD_0737,03-08-2026,CMP_M_02,Meta Ads,Bhawarkua,25-34,Male,FALSE,0,TRUE
LEAD_0738,16-08-2026,CMP_M_03,Meta Ads,Annapurna,18-24,Female,TRUE,2300.5,TRUE
LEAD_0739,04-08-2026,CMP_M_02,Meta Ads,Bhawarkua,25-34,Female,FALSE,0,TRUE
LEAD_0740,30-08-2026,CMP_M_02,Meta Ads,Saket,25-34,Female,FALSE,0,TRUE
LEAD_0741,10-08-2026,CMP_M_01,Meta Ads,Annapurna,25-34,Male,FALSE,0,TRUE
LEAD_0742,07-09-2026,CMP_G_01,Google Ads,Annapurna,25-34,Female,FALSE,0,FALSE
LEAD_0743,02-08-2026,CMP_G_03,Google Ads,Annapurna,35-44,Male,TRUE,1382.97,TRUE
LEAD_0744,21-08-2026,CMP_G_01,Google Ads,Annapurna,35-44,Male,FALSE,0,TRUE
LEAD_0745,08-08-2026,CMP_G_01,Google Ads,Annapurna,25-34,Female,FALSE,0,TRUE
LEAD_0746,02-09-2026,CMP_G_03,Google Ads,Rau,25-34,Male,TRUE,2552.6,TRUE
LEAD_0747,06-09-2026,CMP_M_03,Meta Ads,Mahalakshmi Nagar,18-24,Male,FALSE,0,FALSE
LEAD_0748,04-08-2026,CMP_G_02,Google Ads,Saket,25-34,Male,FALSE,0,TRUE
LEAD_0749,12-08-2026,CMP_G_02,Google Ads,Palasia,18-24,Male,TRUE,1799.68,TRUE
LEAD_0750,01-09-2026,CMP_G_01,Google Ads,Vijay Nagar,25-34,Female,TRUE,7675.84,TRUE
LEAD_0751,12-09-2026,CMP_G_02,Google Ads,Bhawarkua,25-34,Male,FALSE,0,TRUE
LEAD_0752,05-09-2026,CMP_G_01,Google Ads,Mahalakshmi Nagar,35-44,Female,TRUE,4385.24,TRUE
LEAD_0753,11-09-2026,CMP_G_01,Google Ads,Vijay Nagar,25-34,Male,TRUE,4789.41,TRUE
LEAD_0754,06-08-2026,CMP_G_02,Google Ads,Bhawarkua,45+,Female,FALSE,0,TRUE
LEAD_0755,12-09-2026,CMP_G_02,Google Ads,Rau,25-34,Female,FALSE,0,TRUE
LEAD_0756,07-09-2026,CMP_M_03,Meta Ads,Mahalakshmi Nagar,18-24,Female,TRUE,1872.51,TRUE
LEAD_0757,05-08-2026,CMP_G_03,Google Ads,Vijay Nagar,18-24,Female,TRUE,2947.79,FALSE
LEAD_0758,18-08-2026,CMP_M_02,Meta Ads,Bhawarkua,25-34,Male,FALSE,0,TRUE
LEAD_0759,07-08-2026,CMP_M_01,Meta Ads,Rau,45+,Female,TRUE,6056.79,FALSE
LEAD_0760,19-08-2026,CMP_M_02,Meta Ads,Mahalakshmi Nagar,18-24,Female,FALSE,0,TRUE
LEAD_0761,23-08-2026,CMP_M_03,Meta Ads,Rau,25-34,Female,FALSE,0,FALSE
LEAD_0762,01-09-2026,CMP_M_01,Meta Ads,Rau,18-24,Female,FALSE,0,TRUE
LEAD_0763,08-08-2026,CMP_G_02,Google Ads,Annapurna,35-44,Male,FALSE,0,TRUE
LEAD_0764,09-09-2026,CMP_G_02,Google Ads,Saket,18-24,Male,TRUE,4796.56,TRUE
LEAD_0765,10-09-2026,CMP_G_02,Google Ads,Saket,18-24,Female,FALSE,0,TRUE
LEAD_0766,05-09-2026,CMP_G_03,Google Ads,Vijay Nagar,18-24,Female,FALSE,0,TRUE
LEAD_0767,06-09-2026,CMP_G_03,Google Ads,Palasia,18-24,Male,TRUE,2563.18,TRUE
LEAD_0768,31-08-2026,CMP_M_03,Meta Ads,Annapurna,18-24,Female,TRUE,3373.64,FALSE
LEAD_0769,04-09-2026,CMP_M_01,Meta Ads,Bhawarkua,35-44,Female,FALSE,0,FALSE
LEAD_0770,03-09-2026,CMP_M_02,Meta Ads,Saket,25-34,Female,TRUE,1708.23,FALSE
LEAD_0771,22-08-2026,CMP_M_01,Meta Ads,Mahalakshmi Nagar,25-34,Male,FALSE,0,TRUE
LEAD_0772,02-08-2026,CMP_G_02,Google Ads,Rau,35-44,Female,TRUE,2553.12,TRUE
LEAD_0773,08-09-2026,CMP_G_03,Google Ads,Mahalakshmi Nagar,35-44,Male,FALSE,0,TRUE
LEAD_0774,03-08-2026,CMP_G_03,Google Ads,Vijay Nagar,25-34,Female,FALSE,0,TRUE
LEAD_0775,20-08-2026,CMP_M_01,Meta Ads,Saket,18-24,Female,FALSE,0,TRUE
LEAD_0776,13-08-2026,CMP_G_01,Google Ads,Bhawarkua,25-34,Male,FALSE,0,FALSE
LEAD_0777,10-08-2026,CMP_M_03,Meta Ads,Bhawarkua,25-34,Female,FALSE,0,TRUE
LEAD_0778,10-08-2026,CMP_M_02,Meta Ads,Vijay Nagar,35-44,Male,FALSE,0,TRUE
LEAD_0779,09-08-2026,CMP_M_02,Meta Ads,Vijay Nagar,25-34,Male,FALSE,0,TRUE
LEAD_0780,01-08-2026,CMP_M_01,Meta Ads,Vijay Nagar,25-34,Male,FALSE,0,TRUE
LEAD_0781,30-08-2026,CMP_G_01,Google Ads,Mahalakshmi Nagar,25-34,Female,TRUE,7868.36,TRUE
LEAD_0782,20-08-2026,CMP_M_01,Meta Ads,Palasia,18-24,Female,FALSE,0,TRUE
LEAD_0783,21-08-2026,CMP_G_02,Google Ads,Annapurna,18-24,Female,FALSE,0,TRUE
LEAD_0784,01-08-2026,CMP_G_02,Google Ads,Rau,25-34,Female,FALSE,0,FALSE
LEAD_0785,21-08-2026,CMP_G_03,Google Ads,Annapurna,35-44,Female,FALSE,0,TRUE
LEAD_0786,20-08-2026,CMP_G_02,Google Ads,Bhawarkua,18-24,Female,TRUE,3485.09,TRUE
LEAD_0787,04-08-2026,CMP_M_03,Meta Ads,Vijay Nagar,18-24,Female,FALSE,0,TRUE
LEAD_0788,07-09-2026,CMP_M_02,Meta Ads,Annapurna,25-34,Male,FALSE,0,TRUE
LEAD_0789,13-08-2026,CMP_G_03,Google Ads,Annapurna,35-44,Female,FALSE,0,TRUE
LEAD_0790,30-08-2026,CMP_M_03,Meta Ads,Mahalakshmi Nagar,35-44,Female,TRUE,2433.03,TRUE
LEAD_0791,13-09-2026,CMP_M_01,Meta Ads,Mahalakshmi Nagar,25-34,Female,FALSE,0,TRUE
LEAD_0792,09-09-2026,CMP_G_02,Google Ads,Saket,25-34,Male,FALSE,0,TRUE
LEAD_0793,21-08-2026,CMP_M_01,Meta Ads,Vijay Nagar,18-24,Female,FALSE,0,TRUE
LEAD_0794,11-08-2026,CMP_M_01,Meta Ads,Saket,25-34,Female,FALSE,0,TRUE
LEAD_0795,07-08-2026,CMP_G_01,Google Ads,Annapurna,18-24,Female,FALSE,0,TRUE
LEAD_0796,07-09-2026,CMP_M_01,Meta Ads,Rau,18-24,Female,TRUE,5156.62,TRUE
LEAD_0797,14-08-2026,CMP_G_01,Google Ads,Mahalakshmi Nagar,45+,Female,TRUE,7439.32,TRUE
LEAD_0798,14-09-2026,CMP_G_03,Google Ads,Annapurna,25-34,Male,FALSE,0,TRUE
LEAD_0799,01-09-2026,CMP_M_02,Meta Ads,Rau,25-34,Female,FALSE,0,TRUE
LEAD_0800,12-08-2026,CMP_M_02,Meta Ads,Rau,18-24,Male,TRUE,1731.7,TRUE
LEAD_0801,25-08-2026,CMP_M_02,Meta Ads,Annapurna,25-34,Female,FALSE,0,TRUE
LEAD_0802,07-09-2026,CMP_M_02,Meta Ads,Annapurna,35-44,Male,FALSE,0,FALSE
LEAD_0803,29-08-2026,CMP_M_01,Meta Ads,Bhawarkua,25-34,Female,FALSE,0,TRUE
LEAD_0804,21-08-2026,CMP_G_02,Google Ads,Mahalakshmi Nagar,35-44,Female,FALSE,0,TRUE
LEAD_0805,28-08-2026,CMP_M_03,Meta Ads,Saket,45+,Male,FALSE,0,TRUE
LEAD_0806,02-09-2026,CMP_M_01,Meta Ads,Palasia,35-44,Female,FALSE,0,TRUE
LEAD_0807,04-08-2026,CMP_M_03,Meta Ads,Saket,18-24,Female,TRUE,902.28,TRUE
LEAD_0808,28-08-2026,CMP_G_01,Google Ads,Saket,25-34,Female,TRUE,6802.66,TRUE
LEAD_0809,14-08-2026,CMP_G_03,Google Ads,Bhawarkua,18-24,Female,FALSE,0,TRUE
LEAD_0810,24-08-2026,CMP_M_02,Meta Ads,Palasia,18-24,Male,FALSE,0,TRUE
LEAD_0811,01-08-2026,CMP_G_01,Google Ads,Annapurna,35-44,Male,TRUE,3208.95,TRUE
LEAD_0812,09-08-2026,CMP_M_03,Meta Ads,Bhawarkua,35-44,Male,TRUE,1128.59,TRUE
LEAD_0813,28-08-2026,CMP_M_02,Meta Ads,Bhawarkua,25-34,Female,FALSE,0,TRUE
LEAD_0814,23-08-2026,CMP_M_01,Meta Ads,Vijay Nagar,25-34,Male,TRUE,4086.72,TRUE
LEAD_0815,02-09-2026,CMP_G_02,Google Ads,Rau,25-34,Male,TRUE,2315.45,FALSE
LEAD_0816,24-08-2026,CMP_M_01,Meta Ads,Bhawarkua,45+,Female,FALSE,0,TRUE
LEAD_0817,03-09-2026,CMP_M_02,Meta Ads,Mahalakshmi Nagar,35-44,Female,FALSE,0,FALSE
LEAD_0818,09-09-2026,CMP_G_01,Google Ads,Bhawarkua,25-34,Male,FALSE,0,TRUE
LEAD_0819,13-09-2026,CMP_M_01,Meta Ads,Mahalakshmi Nagar,25-34,Male,FALSE,0,TRUE
LEAD_0820,04-09-2026,CMP_M_03,Meta Ads,Bhawarkua,25-34,Male,FALSE,0,TRUE
LEAD_0821,22-08-2026,CMP_M_01,Meta Ads,Mahalakshmi Nagar,18-24,Female,FALSE,0,TRUE
LEAD_0822,08-09-2026,CMP_M_02,Meta Ads,Annapurna,35-44,Female,FALSE,0,TRUE
LEAD_0823,07-09-2026,CMP_M_01,Meta Ads,Vijay Nagar,25-34,Female,FALSE,0,TRUE
LEAD_0824,02-08-2026,CMP_M_02,Meta Ads,Vijay Nagar,18-24,Female,FALSE,0,TRUE
LEAD_0825,17-08-2026,CMP_M_02,Meta Ads,Saket,18-24,Female,FALSE,0,TRUE
LEAD_0826,08-09-2026,CMP_M_02,Meta Ads,Palasia,25-34,Female,TRUE,1371.46,TRUE
LEAD_0827,14-09-2026,CMP_G_02,Google Ads,Palasia,35-44,Male,FALSE,0,TRUE
LEAD_0828,06-08-2026,CMP_G_03,Google Ads,Rau,45+,Female,FALSE,0,FALSE
LEAD_0829,27-08-2026,CMP_M_01,Meta Ads,Palasia,25-34,Male,FALSE,0,TRUE
LEAD_0830,06-09-2026,CMP_G_02,Google Ads,Saket,18-24,Female,FALSE,0,TRUE
LEAD_0831,04-08-2026,CMP_M_02,Meta Ads,Bhawarkua,25-34,Female,FALSE,0,TRUE
LEAD_0832,04-09-2026,CMP_M_03,Meta Ads,Annapurna,25-34,Female,FALSE,0,TRUE
LEAD_0833,28-08-2026,CMP_G_01,Google Ads,Mahalakshmi Nagar,25-34,Male,FALSE,0,TRUE
LEAD_0834,13-09-2026,CMP_M_03,Meta Ads,Vijay Nagar,35-44,Male,FALSE,0,FALSE
LEAD_0835,28-08-2026,CMP_M_03,Meta Ads,Annapurna,35-44,Female,FALSE,0,TRUE
LEAD_0836,07-08-2026,CMP_G_02,Google Ads,Rau,25-34,Male,FALSE,0,TRUE
LEAD_0837,13-09-2026,CMP_M_02,Meta Ads,Saket,25-34,Male,TRUE,2489.56,TRUE
LEAD_0838,01-08-2026,CMP_G_03,Google Ads,Mahalakshmi Nagar,18-24,Female,FALSE,0,TRUE
LEAD_0839,13-09-2026,CMP_M_01,Meta Ads,Palasia,25-34,Female,FALSE,0,TRUE
LEAD_0840,09-09-2026,CMP_G_01,Google Ads,Annapurna,35-44,Female,TRUE,3324.07,FALSE
LEAD_0841,08-08-2026,CMP_M_01,Meta Ads,Vijay Nagar,18-24,Male,FALSE,0,TRUE
LEAD_0842,11-09-2026,CMP_G_03,Google Ads,Vijay Nagar,25-34,Female,TRUE,2428.39,FALSE
LEAD_0843,05-08-2026,CMP_M_01,Meta Ads,Saket,35-44,Male,FALSE,0,TRUE
LEAD_0844,21-08-2026,CMP_M_01,Meta Ads,Saket,35-44,Female,TRUE,4266.82,FALSE
LEAD_0845,04-08-2026,CMP_G_03,Google Ads,Mahalakshmi Nagar,18-24,Female,FALSE,0,TRUE
LEAD_0846,13-08-2026,CMP_M_01,Meta Ads,Palasia,25-34,Female,FALSE,0,TRUE
LEAD_0847,28-08-2026,CMP_M_01,Meta Ads,Annapurna,18-24,Female,FALSE,0,TRUE
LEAD_0848,03-08-2026,CMP_G_02,Google Ads,Saket,35-44,Female,TRUE,1647.93,TRUE
LEAD_0849,11-09-2026,CMP_M_01,Meta Ads,Vijay Nagar,25-34,Female,FALSE,0,TRUE
LEAD_0850,26-08-2026,CMP_M_02,Meta Ads,Rau,25-34,Male,FALSE,0,TRUE
LEAD_0851,26-08-2026,CMP_M_01,Meta Ads,Mahalakshmi Nagar,35-44,Female,FALSE,0,TRUE
LEAD_0852,25-08-2026,CMP_G_02,Google Ads,Bhawarkua,18-24,Female,TRUE,4644.13,FALSE
LEAD_0853,22-08-2026,CMP_M_03,Meta Ads,Bhawarkua,18-24,Male,FALSE,0,TRUE
LEAD_0854,24-08-2026,CMP_M_01,Meta Ads,Vijay Nagar,35-44,Male,TRUE,5847.37,FALSE
LEAD_0855,13-08-2026,CMP_G_02,Google Ads,Vijay Nagar,45+,Male,FALSE,0,TRUE
LEAD_0856,25-08-2026,CMP_G_02,Google Ads,Annapurna,25-34,Female,FALSE,0,FALSE
LEAD_0857,29-08-2026,CMP_M_03,Meta Ads,Palasia,18-24,Female,FALSE,0,TRUE
LEAD_0858,16-08-2026,CMP_M_03,Meta Ads,Vijay Nagar,35-44,Male,FALSE,0,TRUE
LEAD_0859,29-08-2026,CMP_M_01,Meta Ads,Vijay Nagar,18-24,Female,FALSE,0,FALSE
LEAD_0860,03-08-2026,CMP_M_02,Meta Ads,Palasia,35-44,Male,FALSE,0,TRUE
LEAD_0861,13-09-2026,CMP_M_01,Meta Ads,Rau,18-24,Female,FALSE,0,FALSE
LEAD_0862,03-08-2026,CMP_M_03,Meta Ads,Bhawarkua,25-34,Female,FALSE,0,TRUE
LEAD_0863,03-08-2026,CMP_M_03,Meta Ads,Annapurna,18-24,Female,FALSE,0,TRUE
LEAD_0864,20-08-2026,CMP_G_01,Google Ads,Vijay Nagar,25-34,Female,FALSE,0,TRUE
LEAD_0865,07-08-2026,CMP_M_01,Meta Ads,Rau,35-44,Female,FALSE,0,TRUE
LEAD_0866,28-08-2026,CMP_M_02,Meta Ads,Mahalakshmi Nagar,45+,Male,FALSE,0,TRUE
LEAD_0867,13-09-2026,CMP_G_03,Google Ads,Palasia,18-24,Male,FALSE,0,TRUE
LEAD_0868,03-08-2026,CMP_G_02,Google Ads,Saket,18-24,Female,FALSE,0,TRUE
LEAD_0869,11-08-2026,CMP_M_02,Meta Ads,Bhawarkua,18-24,Male,TRUE,2780,TRUE
LEAD_0870,10-09-2026,CMP_G_01,Google Ads,Vijay Nagar,35-44,Female,TRUE,6290.92,FALSE
LEAD_0871,06-08-2026,CMP_G_01,Google Ads,Rau,35-44,Female,FALSE,0,TRUE
LEAD_0872,31-08-2026,CMP_M_02,Meta Ads,Palasia,18-24,Female,FALSE,0,TRUE
LEAD_0873,16-08-2026,CMP_M_01,Meta Ads,Rau,25-34,Male,FALSE,0,FALSE
LEAD_0874,09-09-2026,CMP_M_02,Meta Ads,Annapurna,35-44,Female,FALSE,0,FALSE
LEAD_0875,05-09-2026,CMP_G_03,Google Ads,Vijay Nagar,45+,Male,FALSE,0,TRUE
LEAD_0876,04-09-2026,CMP_M_01,Meta Ads,Bhawarkua,35-44,Male,FALSE,0,TRUE
LEAD_0877,13-08-2026,CMP_G_02,Google Ads,Palasia,25-34,Male,FALSE,0,TRUE
LEAD_0878,12-08-2026,CMP_M_01,Meta Ads,Vijay Nagar,18-24,Female,FALSE,0,TRUE
LEAD_0879,17-08-2026,CMP_G_02,Google Ads,Mahalakshmi Nagar,35-44,Female,FALSE,0,TRUE
LEAD_0880,04-08-2026,CMP_G_01,Google Ads,Palasia,18-24,Female,FALSE,0,FALSE
LEAD_0881,05-08-2026,CMP_M_01,Meta Ads,Annapurna,25-34,Female,FALSE,0,FALSE
LEAD_0882,13-09-2026,CMP_G_03,Google Ads,Vijay Nagar,18-24,Female,TRUE,3325.61,TRUE
LEAD_0883,13-08-2026,CMP_M_02,Meta Ads,Palasia,18-24,Male,FALSE,0,TRUE
LEAD_0884,28-08-2026,CMP_G_01,Google Ads,Rau,25-34,Female,FALSE,0,TRUE
LEAD_0885,13-08-2026,CMP_G_01,Google Ads,Palasia,18-24,Female,TRUE,6402.52,FALSE
LEAD_0886,18-08-2026,CMP_M_01,Meta Ads,Mahalakshmi Nagar,25-34,Female,FALSE,0,TRUE
LEAD_0887,15-08-2026,CMP_M_02,Meta Ads,Rau,18-24,Male,FALSE,0,FALSE
LEAD_0888,11-08-2026,CMP_M_03,Meta Ads,Rau,35-44,Female,FALSE,0,TRUE
LEAD_0889,01-09-2026,CMP_M_02,Meta Ads,Palasia,25-34,Male,FALSE,0,FALSE
LEAD_0890,28-08-2026,CMP_G_02,Google Ads,Palasia,18-24,Female,FALSE,0,TRUE
LEAD_0891,07-09-2026,CMP_G_02,Google Ads,Vijay Nagar,25-34,Female,TRUE,4617.26,FALSE
LEAD_0892,02-09-2026,CMP_M_03,Meta Ads,Bhawarkua,35-44,Male,TRUE,990.78,TRUE
LEAD_0893,01-09-2026,CMP_G_01,Google Ads,Vijay Nagar,25-34,Female,TRUE,4170.92,TRUE
LEAD_0894,23-08-2026,CMP_G_02,Google Ads,Annapurna,45+,Female,FALSE,0,TRUE
LEAD_0895,11-08-2026,CMP_M_01,Meta Ads,Mahalakshmi Nagar,25-34,Male,FALSE,0,TRUE
LEAD_0896,30-08-2026,CMP_M_03,Meta Ads,Mahalakshmi Nagar,25-34,Female,FALSE,0,TRUE
LEAD_0897,10-09-2026,CMP_M_03,Meta Ads,Annapurna,18-24,Male,FALSE,0,TRUE
LEAD_0898,14-09-2026,CMP_G_03,Google Ads,Bhawarkua,35-44,Male,TRUE,1798.85,TRUE
LEAD_0899,06-09-2026,CMP_M_01,Meta Ads,Mahalakshmi Nagar,25-34,Male,FALSE,0,TRUE
LEAD_0900,04-08-2026,CMP_G_03,Google Ads,Annapurna,25-34,Female,FALSE,0,TRUE
LEAD_0901,30-08-2026,CMP_G_03,Google Ads,Saket,25-34,Male,FALSE,0,TRUE
LEAD_0902,05-09-2026,CMP_M_02,Meta Ads,Palasia,18-24,Female,FALSE,0,TRUE
LEAD_0903,11-09-2026,CMP_M_01,Meta Ads,Mahalakshmi Nagar,25-34,Male,FALSE,0,TRUE
LEAD_0904,15-08-2026,CMP_G_02,Google Ads,Saket,25-34,Female,FALSE,0,TRUE
LEAD_0905,24-08-2026,CMP_G_01,Google Ads,Bhawarkua,25-34,Male,FALSE,0,TRUE
LEAD_0906,04-09-2026,CMP_M_01,Meta Ads,Saket,25-34,Female,TRUE,6666.36,TRUE
LEAD_0907,14-09-2026,CMP_M_02,Meta Ads,Vijay Nagar,18-24,Male,TRUE,3083.75,FALSE
LEAD_0908,26-08-2026,CMP_G_01,Google Ads,Saket,45+,Female,FALSE,0,FALSE
LEAD_0909,08-08-2026,CMP_G_02,Google Ads,Bhawarkua,18-24,Female,FALSE,0,TRUE
LEAD_0910,02-08-2026,CMP_M_03,Meta Ads,Annapurna,25-34,Female,FALSE,0,TRUE
LEAD_0911,29-08-2026,CMP_G_03,Google Ads,Vijay Nagar,18-24,Female,FALSE,0,TRUE
LEAD_0912,15-08-2026,CMP_M_03,Meta Ads,Rau,25-34,Female,FALSE,0,TRUE
LEAD_0913,11-09-2026,CMP_G_03,Google Ads,Annapurna,25-34,Male,TRUE,3024.43,TRUE
LEAD_0914,20-08-2026,CMP_G_03,Google Ads,Mahalakshmi Nagar,18-24,Male,FALSE,0,TRUE
LEAD_0915,24-08-2026,CMP_G_02,Google Ads,Mahalakshmi Nagar,35-44,Female,FALSE,0,FALSE
LEAD_0916,11-08-2026,CMP_G_02,Google Ads,Palasia,25-34,Female,FALSE,0,TRUE
LEAD_0917,14-09-2026,CMP_M_03,Meta Ads,Mahalakshmi Nagar,18-24,Female,FALSE,0,FALSE
LEAD_0918,21-08-2026,CMP_G_01,Google Ads,Saket,18-24,Female,TRUE,6074.79,TRUE
LEAD_0919,21-08-2026,CMP_G_01,Google Ads,Bhawarkua,25-34,Female,TRUE,8374.73,TRUE
LEAD_0920,02-08-2026,CMP_G_03,Google Ads,Bhawarkua,35-44,Male,FALSE,0,TRUE
LEAD_0921,10-08-2026,CMP_M_03,Meta Ads,Rau,18-24,Male,TRUE,911.59,FALSE
LEAD_0922,19-08-2026,CMP_M_01,Meta Ads,Mahalakshmi Nagar,45+,Female,FALSE,0,FALSE
LEAD_0923,06-09-2026,CMP_G_01,Google Ads,Saket,25-34,Male,TRUE,6952.7,FALSE
LEAD_0924,09-08-2026,CMP_M_03,Meta Ads,Vijay Nagar,25-34,Male,TRUE,2730.62,TRUE
LEAD_0925,06-08-2026,CMP_G_03,Google Ads,Rau,25-34,Male,FALSE,0,TRUE
LEAD_0926,18-08-2026,CMP_G_02,Google Ads,Vijay Nagar,25-34,Female,FALSE,0,TRUE
LEAD_0927,06-08-2026,CMP_M_02,Meta Ads,Bhawarkua,18-24,Female,FALSE,0,FALSE
LEAD_0928,04-08-2026,CMP_M_01,Meta Ads,Saket,25-34,Male,FALSE,0,FALSE
LEAD_0929,25-08-2026,CMP_G_03,Google Ads,Saket,18-24,Female,TRUE,1906.64,TRUE
LEAD_0930,14-08-2026,CMP_M_01,Meta Ads,Bhawarkua,25-34,Female,FALSE,0,TRUE
LEAD_0931,11-08-2026,CMP_G_03,Google Ads,Bhawarkua,25-34,Female,FALSE,0,TRUE
LEAD_0932,08-09-2026,CMP_M_02,Meta Ads,Bhawarkua,45+,Female,TRUE,1132.41,TRUE
LEAD_0933,07-09-2026,CMP_G_03,Google Ads,Bhawarkua,25-34,Female,TRUE,2941.51,TRUE
LEAD_0934,30-08-2026,CMP_G_02,Google Ads,Mahalakshmi Nagar,35-44,Female,FALSE,0,TRUE
LEAD_0935,19-08-2026,CMP_M_02,Meta Ads,Vijay Nagar,35-44,Female,FALSE,0,TRUE
LEAD_0936,01-09-2026,CMP_M_01,Meta Ads,Bhawarkua,18-24,Male,FALSE,0,TRUE
LEAD_0937,20-08-2026,CMP_G_02,Google Ads,Mahalakshmi Nagar,25-34,Female,FALSE,0,FALSE
LEAD_0938,19-08-2026,CMP_M_01,Meta Ads,Annapurna,25-34,Female,TRUE,5177.79,TRUE
LEAD_0939,01-09-2026,CMP_M_02,Meta Ads,Vijay Nagar,25-34,Female,FALSE,0,FALSE
LEAD_0940,28-08-2026,CMP_M_01,Meta Ads,Annapurna,25-34,Male,FALSE,0,FALSE
LEAD_0941,24-08-2026,CMP_M_02,Meta Ads,Rau,18-24,Female,FALSE,0,TRUE
LEAD_0942,10-08-2026,CMP_M_01,Meta Ads,Annapurna,18-24,Female,FALSE,0,TRUE
LEAD_0943,27-08-2026,CMP_G_02,Google Ads,Saket,18-24,Female,FALSE,0,TRUE
LEAD_0944,05-08-2026,CMP_M_01,Meta Ads,Palasia,35-44,Male,TRUE,5729.04,FALSE
LEAD_0945,21-08-2026,CMP_G_02,Google Ads,Mahalakshmi Nagar,35-44,Male,FALSE,0,FALSE
LEAD_0946,14-09-2026,CMP_G_02,Google Ads,Vijay Nagar,25-34,Female,FALSE,0,TRUE
LEAD_0947,09-08-2026,CMP_G_01,Google Ads,Saket,35-44,Female,FALSE,0,TRUE
LEAD_0948,11-08-2026,CMP_M_03,Meta Ads,Palasia,35-44,Male,TRUE,1176.53,TRUE
LEAD_0949,14-09-2026,CMP_M_01,Meta Ads,Rau,25-34,Male,TRUE,7539.07,TRUE
LEAD_0950,27-08-2026,CMP_M_02,Meta Ads,Vijay Nagar,18-24,Female,FALSE,0,TRUE
LEAD_0951,23-08-2026,CMP_G_01,Google Ads,Saket,18-24,Female,FALSE,0,TRUE
LEAD_0952,03-09-2026,CMP_M_03,Meta Ads,Annapurna,18-24,Male,TRUE,2961.69,TRUE
LEAD_0953,09-08-2026,CMP_G_01,Google Ads,Palasia,25-34,Female,FALSE,0,FALSE
LEAD_0954,06-08-2026,CMP_G_02,Google Ads,Vijay Nagar,18-24,Male,TRUE,2844.34,FALSE
LEAD_0955,03-08-2026,CMP_M_02,Meta Ads,Vijay Nagar,35-44,Female,FALSE,0,TRUE
LEAD_0956,08-08-2026,CMP_G_01,Google Ads,Vijay Nagar,18-24,Male,FALSE,0,FALSE
LEAD_0957,08-08-2026,CMP_M_02,Meta Ads,Palasia,25-34,Female,FALSE,0,FALSE
LEAD_0958,02-08-2026,CMP_M_02,Meta Ads,Mahalakshmi Nagar,25-34,Female,FALSE,0,TRUE
LEAD_0959,23-08-2026,CMP_M_01,Meta Ads,Rau,35-44,Male,FALSE,0,TRUE
LEAD_0960,05-08-2026,CMP_M_01,Meta Ads,Rau,35-44,Female,FALSE,0,TRUE
LEAD_0961,19-08-2026,CMP_M_02,Meta Ads,Mahalakshmi Nagar,25-34,Male,FALSE,0,TRUE
LEAD_0962,14-08-2026,CMP_G_01,Google Ads,Mahalakshmi Nagar,25-34,Female,FALSE,0,FALSE
LEAD_0963,29-08-2026,CMP_M_01,Meta Ads,Vijay Nagar,18-24,Female,FALSE,0,TRUE
LEAD_0964,14-08-2026,CMP_G_03,Google Ads,Bhawarkua,18-24,Male,FALSE,0,TRUE
LEAD_0965,08-08-2026,CMP_G_01,Google Ads,Bhawarkua,35-44,Male,FALSE,0,TRUE
LEAD_0966,03-08-2026,CMP_M_01,Meta Ads,Bhawarkua,18-24,Female,FALSE,0,TRUE
LEAD_0967,20-08-2026,CMP_M_01,Meta Ads,Mahalakshmi Nagar,25-34,Female,FALSE,0,TRUE
LEAD_0968,28-08-2026,CMP_G_02,Google Ads,Vijay Nagar,35-44,Male,FALSE,0,TRUE
LEAD_0969,24-08-2026,CMP_M_03,Meta Ads,Annapurna,25-34,Female,FALSE,0,TRUE
LEAD_0970,12-09-2026,CMP_G_03,Google Ads,Vijay Nagar,18-24,Female,FALSE,0,TRUE
LEAD_0971,07-08-2026,CMP_M_01,Meta Ads,Palasia,18-24,Male,FALSE,0,TRUE
LEAD_0972,08-09-2026,CMP_G_03,Google Ads,Palasia,35-44,Male,TRUE,3178.88,TRUE
LEAD_0973,07-09-2026,CMP_G_02,Google Ads,Mahalakshmi Nagar,25-34,Female,TRUE,3418.41,FALSE
LEAD_0974,08-09-2026,CMP_M_01,Meta Ads,Bhawarkua,25-34,Female,FALSE,0,FALSE
LEAD_0975,08-08-2026,CMP_M_01,Meta Ads,Bhawarkua,18-24,Male,FALSE,0,TRUE
LEAD_0976,04-08-2026,CMP_G_01,Google Ads,Bhawarkua,25-34,Male,FALSE,0,TRUE
LEAD_0977,13-09-2026,CMP_G_03,Google Ads,Saket,25-34,Female,FALSE,0,TRUE
LEAD_0978,03-09-2026,CMP_G_01,Google Ads,Mahalakshmi Nagar,25-34,Female,FALSE,0,TRUE
LEAD_0979,02-09-2026,CMP_M_01,Meta Ads,Saket,35-44,Female,FALSE,0,TRUE
LEAD_0980,03-08-2026,CMP_G_01,Google Ads,Vijay Nagar,25-34,Female,FALSE,0,FALSE
LEAD_0981,30-08-2026,CMP_G_03,Google Ads,Palasia,25-34,Male,FALSE,0,TRUE
LEAD_0982,11-08-2026,CMP_G_03,Google Ads,Annapurna,25-34,Male,TRUE,2226.99,TRUE
LEAD_0983,01-09-2026,CMP_M_01,Meta Ads,Annapurna,25-34,Female,FALSE,0,TRUE
LEAD_0984,11-08-2026,CMP_M_01,Meta Ads,Bhawarkua,18-24,Male,FALSE,0,TRUE
LEAD_0985,13-09-2026,CMP_G_03,Google Ads,Saket,18-24,Male,TRUE,1852.46,FALSE
LEAD_0986,24-08-2026,CMP_G_01,Google Ads,Annapurna,25-34,Male,FALSE,0,TRUE
LEAD_0987,25-08-2026,CMP_M_01,Meta Ads,Saket,45+,Female,FALSE,0,TRUE
LEAD_0988,16-08-2026,CMP_G_01,Google Ads,Annapurna,18-24,Female,FALSE,0,TRUE
LEAD_0989,20-08-2026,CMP_M_02,Meta Ads,Palasia,18-24,Female,FALSE,0,TRUE
LEAD_0990,28-08-2026,CMP_M_01,Meta Ads,Saket,18-24,Female,TRUE,6037.88,FALSE
LEAD_0991,21-08-2026,CMP_G_01,Google Ads,Rau,18-24,Female,TRUE,4953.1,TRUE
LEAD_0992,14-08-2026,CMP_M_02,Meta Ads,Rau,35-44,Male,FALSE,0,TRUE
LEAD_0993,20-08-2026,CMP_G_02,Google Ads,Bhawarkua,18-24,Male,FALSE,0,TRUE
LEAD_0994,05-08-2026,CMP_M_03,Meta Ads,Rau,18-24,Female,FALSE,0,TRUE
LEAD_0995,06-09-2026,CMP_G_02,Google Ads,Palasia,25-34,Male,FALSE,0,TRUE
LEAD_0996,07-09-2026,CMP_M_02,Meta Ads,Saket,18-24,Female,FALSE,0,TRUE
LEAD_0997,28-08-2026,CMP_M_01,Meta Ads,Annapurna,35-44,Female,TRUE,3995.51,FALSE
LEAD_0998,12-09-2026,CMP_G_02,Google Ads,Palasia,25-34,Female,FALSE,0,TRUE
LEAD_0999,12-09-2026,CMP_M_01,Meta Ads,Vijay Nagar,25-34,Female,TRUE,7151.62,TRUE
LEAD_1000,01-09-2026,CMP_G_02,Google Ads,Mahalakshmi Nagar,25-34,Female,FALSE,0,TRUE
LEAD_1001,04-09-2026,CMP_M_03,Meta Ads,Mahalakshmi Nagar,35-44,Female,FALSE,0,TRUE
LEAD_1002,10-09-2026,CMP_M_01,Meta Ads,Palasia,25-34,Female,FALSE,0,TRUE
LEAD_1003,13-09-2026,CMP_G_02,Google Ads,Bhawarkua,18-24,Male,TRUE,4002.8,FALSE
LEAD_1004,14-08-2026,CMP_G_01,Google Ads,Saket,25-34,Female,TRUE,7622.01,TRUE
LEAD_1005,26-08-2026,CMP_M_01,Meta Ads,Palasia,18-24,Female,FALSE,0,TRUE
LEAD_1006,30-08-2026,CMP_M_02,Meta Ads,Bhawarkua,25-34,Male,FALSE,0,TRUE
LEAD_1007,18-08-2026,CMP_G_02,Google Ads,Saket,35-44,Female,FALSE,0,TRUE
LEAD_1008,11-09-2026,CMP_M_01,Meta Ads,Bhawarkua,35-44,Female,TRUE,7659.37,FALSE
LEAD_1009,21-08-2026,CMP_M_03,Meta Ads,Mahalakshmi Nagar,18-24,Male,FALSE,0,TRUE
LEAD_1010,12-09-2026,CMP_M_03,Meta Ads,Vijay Nagar,25-34,Male,FALSE,0,TRUE
LEAD_1011,16-08-2026,CMP_M_02,Meta Ads,Annapurna,25-34,Female,FALSE,0,TRUE
LEAD_1012,07-09-2026,CMP_M_01,Meta Ads,Saket,25-34,Female,TRUE,8213.14,FALSE
LEAD_1013,21-08-2026,CMP_M_01,Meta Ads,Bhawarkua,35-44,Male,TRUE,4676.93,TRUE
LEAD_1014,14-08-2026,CMP_M_03,Meta Ads,Palasia,18-24,Female,FALSE,0,TRUE
LEAD_1015,07-09-2026,CMP_G_03,Google Ads,Annapurna,45+,Female,TRUE,1051,TRUE
LEAD_1016,13-09-2026,CMP_G_03,Google Ads,Mahalakshmi Nagar,45+,Female,TRUE,1565.14,TRUE
LEAD_1017,20-08-2026,CMP_M_02,Meta Ads,Rau,18-24,Male,FALSE,0,TRUE
LEAD_1018,04-08-2026,CMP_M_02,Meta Ads,Mahalakshmi Nagar,25-34,Female,FALSE,0,TRUE
LEAD_1019,10-09-2026,CMP_G_03,Google Ads,Mahalakshmi Nagar,25-34,Female,TRUE,3487.91,TRUE
LEAD_1020,29-08-2026,CMP_G_02,Google Ads,Bhawarkua,35-44,Male,FALSE,0,TRUE
LEAD_1021,16-08-2026,CMP_G_03,Google Ads,Palasia,35-44,Male,TRUE,1703.04,FALSE
LEAD_1022,11-09-2026,CMP_M_03,Meta Ads,Vijay Nagar,18-24,Female,FALSE,0,TRUE
LEAD_1023,01-09-2026,CMP_M_02,Meta Ads,Mahalakshmi Nagar,18-24,Female,TRUE,2171.95,TRUE
LEAD_1024,07-08-2026,CMP_M_03,Meta Ads,Rau,18-24,Female,TRUE,3125.88,TRUE
LEAD_1025,05-09-2026,CMP_M_02,Meta Ads,Vijay Nagar,35-44,Male,TRUE,2892.02,TRUE
LEAD_1026,29-08-2026,CMP_G_02,Google Ads,Palasia,18-24,Female,FALSE,0,TRUE
LEAD_1027,06-09-2026,CMP_G_03,Google Ads,Rau,25-34,Male,TRUE,1122.03,TRUE
LEAD_1028,09-08-2026,CMP_M_01,Meta Ads,Mahalakshmi Nagar,45+,Female,TRUE,7627.67,TRUE
LEAD_1029,09-08-2026,CMP_M_03,Meta Ads,Annapurna,25-34,Female,FALSE,0,TRUE
LEAD_1030,06-08-2026,CMP_G_02,Google Ads,Bhawarkua,45+,Male,TRUE,2809.29,TRUE
LEAD_1031,02-08-2026,CMP_G_02,Google Ads,Annapurna,25-34,Female,FALSE,0,FALSE
LEAD_1032,30-08-2026,CMP_G_01,Google Ads,Annapurna,35-44,Female,FALSE,0,TRUE
LEAD_1033,08-09-2026,CMP_M_01,Meta Ads,Vijay Nagar,45+,Female,FALSE,0,TRUE
LEAD_1034,01-08-2026,CMP_M_01,Meta Ads,Bhawarkua,35-44,Male,FALSE,0,TRUE
LEAD_1035,01-09-2026,CMP_M_02,Meta Ads,Annapurna,18-24,Male,FALSE,0,TRUE
LEAD_1036,18-08-2026,CMP_M_02,Meta Ads,Bhawarkua,25-34,Female,FALSE,0,TRUE
LEAD_1037,14-08-2026,CMP_G_02,Google Ads,Saket,25-34,Female,FALSE,0,FALSE
LEAD_1038,10-08-2026,CMP_G_02,Google Ads,Palasia,25-34,Male,TRUE,1497.83,FALSE
LEAD_1039,13-09-2026,CMP_G_03,Google Ads,Vijay Nagar,18-24,Female,FALSE,0,TRUE
LEAD_1040,14-09-2026,CMP_G_03,Google Ads,Palasia,25-34,Male,FALSE,0,TRUE
LEAD_1041,17-08-2026,CMP_M_02,Meta Ads,Rau,18-24,Female,FALSE,0,TRUE
LEAD_1042,23-08-2026,CMP_G_02,Google Ads,Mahalakshmi Nagar,25-34,Male,TRUE,4788.91,FALSE
LEAD_1043,17-08-2026,CMP_G_01,Google Ads,Bhawarkua,18-24,Female,FALSE,0,TRUE
LEAD_1044,05-09-2026,CMP_G_03,Google Ads,Palasia,25-34,Male,TRUE,1011.04,TRUE
LEAD_1045,09-08-2026,CMP_M_03,Meta Ads,Bhawarkua,18-24,Female,TRUE,1142.05,TRUE
LEAD_1046,09-08-2026,CMP_G_01,Google Ads,Mahalakshmi Nagar,18-24,Female,FALSE,0,TRUE
LEAD_1047,17-08-2026,CMP_G_03,Google Ads,Mahalakshmi Nagar,35-44,Female,FALSE,0,TRUE
LEAD_1048,11-08-2026,CMP_G_03,Google Ads,Bhawarkua,35-44,Female,FALSE,0,TRUE
LEAD_1049,12-09-2026,CMP_M_02,Meta Ads,Palasia,18-24,Female,TRUE,2618.96,TRUE
LEAD_1050,17-08-2026,CMP_G_01,Google Ads,Bhawarkua,25-34,Male,FALSE,0,TRUE
LEAD_1051,03-08-2026,CMP_M_03,Meta Ads,Rau,25-34,Female,TRUE,2092.1,FALSE
LEAD_1052,10-08-2026,CMP_M_02,Meta Ads,Vijay Nagar,18-24,Female,FALSE,0,TRUE
LEAD_1053,02-09-2026,CMP_M_02,Meta Ads,Annapurna,25-34,Male,TRUE,3120.94,TRUE
LEAD_1054,03-09-2026,CMP_M_03,Meta Ads,Vijay Nagar,18-24,Female,TRUE,2970.49,TRUE
LEAD_1055,22-08-2026,CMP_G_01,Google Ads,Annapurna,18-24,Female,TRUE,2947.98,TRUE
LEAD_1056,07-08-2026,CMP_M_03,Meta Ads,Palasia,18-24,Female,FALSE,0,TRUE
LEAD_1057,31-08-2026,CMP_M_02,Meta Ads,Saket,25-34,Female,FALSE,0,TRUE
LEAD_1058,11-09-2026,CMP_M_03,Meta Ads,Bhawarkua,18-24,Male,FALSE,0,TRUE
LEAD_1059,06-09-2026,CMP_M_02,Meta Ads,Mahalakshmi Nagar,18-24,Male,FALSE,0,TRUE
LEAD_1060,04-08-2026,CMP_G_03,Google Ads,Rau,25-34,Female,TRUE,2908.26,TRUE
LEAD_1061,26-08-2026,CMP_G_02,Google Ads,Palasia,25-34,Female,TRUE,1703.24,FALSE
LEAD_1062,11-09-2026,CMP_M_01,Meta Ads,Mahalakshmi Nagar,25-34,Male,TRUE,3678.57,TRUE
LEAD_1063,13-09-2026,CMP_G_03,Google Ads,Vijay Nagar,35-44,Female,TRUE,2529.49,TRUE
LEAD_1064,25-08-2026,CMP_M_01,Meta Ads,Rau,25-34,Female,FALSE,0,TRUE
LEAD_1065,24-08-2026,CMP_G_03,Google Ads,Bhawarkua,25-34,Female,FALSE,0,TRUE
LEAD_1066,30-08-2026,CMP_M_01,Meta Ads,Annapurna,25-34,Female,FALSE,0,TRUE
LEAD_1067,10-09-2026,CMP_M_01,Meta Ads,Vijay Nagar,18-24,Female,FALSE,0,TRUE
LEAD_1068,31-08-2026,CMP_M_03,Meta Ads,Palasia,25-34,Female,FALSE,0,TRUE
LEAD_1069,28-08-2026,CMP_G_02,Google Ads,Vijay Nagar,25-34,Male,FALSE,0,TRUE
LEAD_1070,02-09-2026,CMP_M_01,Meta Ads,Vijay Nagar,25-34,Male,FALSE,0,TRUE
LEAD_1071,23-08-2026,CMP_M_02,Meta Ads,Vijay Nagar,35-44,Female,FALSE,0,TRUE
LEAD_1072,30-08-2026,CMP_M_02,Meta Ads,Palasia,35-44,Female,FALSE,0,TRUE
LEAD_1073,20-08-2026,CMP_G_03,Google Ads,Annapurna,25-34,Male,FALSE,0,TRUE
LEAD_1074,17-08-2026,CMP_M_01,Meta Ads,Mahalakshmi Nagar,35-44,Female,FALSE,0,TRUE
LEAD_1075,08-09-2026,CMP_G_01,Google Ads,Bhawarkua,25-34,Female,TRUE,4278.11,TRUE
LEAD_1076,11-08-2026,CMP_G_01,Google Ads,Bhawarkua,25-34,Male,FALSE,0,TRUE
LEAD_1077,08-09-2026,CMP_M_03,Meta Ads,Saket,25-34,Male,FALSE,0,TRUE
LEAD_1078,13-09-2026,CMP_G_03,Google Ads,Mahalakshmi Nagar,18-24,Female,TRUE,3500.48,TRUE
LEAD_1079,08-08-2026,CMP_G_01,Google Ads,Annapurna,45+,Male,FALSE,0,TRUE
LEAD_1080,11-09-2026,CMP_G_02,Google Ads,Mahalakshmi Nagar,25-34,Male,TRUE,1893.52,TRUE
LEAD_1081,20-08-2026,CMP_G_02,Google Ads,Bhawarkua,18-24,Female,TRUE,4017.05,TRUE
LEAD_1082,14-09-2026,CMP_G_02,Google Ads,Bhawarkua,25-34,Male,FALSE,0,TRUE
LEAD_1083,13-08-2026,CMP_M_01,Meta Ads,Mahalakshmi Nagar,35-44,Female,FALSE,0,TRUE
LEAD_1084,10-09-2026,CMP_G_01,Google Ads,Bhawarkua,35-44,Male,TRUE,7631.49,TRUE
LEAD_1085,05-09-2026,CMP_M_01,Meta Ads,Bhawarkua,25-34,Male,TRUE,8494.45,TRUE
LEAD_1086,13-09-2026,CMP_M_01,Meta Ads,Mahalakshmi Nagar,25-34,Male,FALSE,0,FALSE
LEAD_1087,28-08-2026,CMP_M_01,Meta Ads,Rau,18-24,Male,FALSE,0,TRUE
LEAD_1088,31-08-2026,CMP_G_03,Google Ads,Rau,45+,Female,FALSE,0,TRUE
LEAD_1089,02-08-2026,CMP_M_02,Meta Ads,Bhawarkua,18-24,Female,TRUE,1335.6,FALSE
LEAD_1090,13-09-2026,CMP_G_02,Google Ads,Rau,35-44,Male,FALSE,0,TRUE
LEAD_1091,19-08-2026,CMP_M_01,Meta Ads,Bhawarkua,35-44,Male,TRUE,6921.07,TRUE
LEAD_1092,31-08-2026,CMP_M_02,Meta Ads,Mahalakshmi Nagar,18-24,Female,FALSE,0,TRUE
LEAD_1093,06-08-2026,CMP_M_02,Meta Ads,Palasia,18-24,Female,FALSE,0,TRUE
LEAD_1094,27-08-2026,CMP_M_01,Meta Ads,Bhawarkua,18-24,Female,FALSE,0,FALSE
LEAD_1095,02-08-2026,CMP_G_01,Google Ads,Saket,25-34,Female,FALSE,0,TRUE
LEAD_1096,02-09-2026,CMP_M_02,Meta Ads,Vijay Nagar,18-24,Female,FALSE,0,TRUE
LEAD_1097,05-09-2026,CMP_G_02,Google Ads,Saket,45+,Male,FALSE,0,TRUE
LEAD_1098,05-09-2026,CMP_M_02,Meta Ads,Palasia,35-44,Male,FALSE,0,TRUE
LEAD_1099,07-08-2026,CMP_M_01,Meta Ads,Bhawarkua,35-44,Male,FALSE,0,TRUE
LEAD_1100,07-08-2026,CMP_M_02,Meta Ads,Rau,35-44,Male,FALSE,0,TRUE
LEAD_1101,03-08-2026,CMP_M_02,Meta Ads,Palasia,25-34,Male,FALSE,0,TRUE
LEAD_1102,11-08-2026,CMP_M_03,Meta Ads,Mahalakshmi Nagar,25-34,Male,TRUE,2866.54,TRUE
LEAD_1103,11-09-2026,CMP_G_01,Google Ads,Vijay Nagar,35-44,Female,TRUE,4873.3,FALSE
LEAD_1104,01-08-2026,CMP_G_03,Google Ads,Saket,18-24,Female,TRUE,1562.35,FALSE
LEAD_1105,27-08-2026,CMP_G_02,Google Ads,Palasia,35-44,Female,TRUE,2626.19,TRUE
LEAD_1106,09-08-2026,CMP_M_02,Meta Ads,Bhawarkua,35-44,Male,FALSE,0,TRUE
LEAD_1107,03-09-2026,CMP_M_03,Meta Ads,Saket,45+,Female,FALSE,0,TRUE
LEAD_1108,03-09-2026,CMP_M_02,Meta Ads,Vijay Nagar,18-24,Female,FALSE,0,FALSE
LEAD_1109,28-08-2026,CMP_M_02,Meta Ads,Mahalakshmi Nagar,18-24,Male,FALSE,0,TRUE
LEAD_1110,06-09-2026,CMP_G_02,Google Ads,Annapurna,45+,Male,FALSE,0,TRUE
LEAD_1111,19-08-2026,CMP_M_03,Meta Ads,Annapurna,25-34,Female,TRUE,2032.12,FALSE
LEAD_1112,23-08-2026,CMP_M_02,Meta Ads,Saket,35-44,Male,FALSE,0,TRUE
LEAD_1113,26-08-2026,CMP_G_01,Google Ads,Palasia,35-44,Male,FALSE,0,TRUE
LEAD_1114,29-08-2026,CMP_M_01,Meta Ads,Mahalakshmi Nagar,35-44,Female,FALSE,0,TRUE
LEAD_1115,20-08-2026,CMP_G_02,Google Ads,Rau,18-24,Male,FALSE,0,TRUE
LEAD_1116,09-08-2026,CMP_M_02,Meta Ads,Rau,18-24,Female,FALSE,0,TRUE
LEAD_1117,03-09-2026,CMP_M_01,Meta Ads,Annapurna,18-24,Female,FALSE,0,TRUE
LEAD_1118,07-09-2026,CMP_M_02,Meta Ads,Saket,25-34,Male,TRUE,1598.46,FALSE
LEAD_1119,04-08-2026,CMP_G_01,Google Ads,Saket,25-34,Female,FALSE,0,TRUE
LEAD_1120,11-09-2026,CMP_G_01,Google Ads,Bhawarkua,18-24,Male,FALSE,0,FALSE
LEAD_1121,16-08-2026,CMP_M_01,Meta Ads,Rau,25-34,Male,TRUE,7390.71,FALSE
LEAD_1122,08-09-2026,CMP_M_01,Meta Ads,Annapurna,35-44,Male,TRUE,4132.88,TRUE
LEAD_1123,25-08-2026,CMP_M_02,Meta Ads,Saket,25-34,Female,TRUE,2303.1,TRUE
LEAD_1124,30-08-2026,CMP_M_02,Meta Ads,Annapurna,25-34,Female,FALSE,0,TRUE
LEAD_1125,28-08-2026,CMP_G_01,Google Ads,Bhawarkua,18-24,Male,TRUE,7864.5,TRUE
LEAD_1126,05-09-2026,CMP_G_03,Google Ads,Bhawarkua,35-44,Male,FALSE,0,TRUE
LEAD_1127,29-08-2026,CMP_M_01,Meta Ads,Bhawarkua,25-34,Female,FALSE,0,TRUE
LEAD_1128,02-09-2026,CMP_G_02,Google Ads,Annapurna,25-34,Male,FALSE,0,TRUE
LEAD_1129,03-09-2026,CMP_M_01,Meta Ads,Palasia,25-34,Female,FALSE,0,TRUE
LEAD_1130,05-09-2026,CMP_G_02,Google Ads,Vijay Nagar,25-34,Female,FALSE,0,TRUE
LEAD_1131,06-09-2026,CMP_G_01,Google Ads,Vijay Nagar,25-34,Male,TRUE,4450.67,TRUE
LEAD_1132,01-09-2026,CMP_G_03,Google Ads,Palasia,18-24,Male,FALSE,0,TRUE
LEAD_1133,20-08-2026,CMP_G_01,Google Ads,Palasia,18-24,Male,FALSE,0,FALSE
LEAD_1134,05-09-2026,CMP_G_01,Google Ads,Mahalakshmi Nagar,18-24,Female,FALSE,0,TRUE
LEAD_1135,29-08-2026,CMP_G_03,Google Ads,Bhawarkua,35-44,Male,TRUE,3330.78,FALSE
LEAD_1136,09-08-2026,CMP_G_01,Google Ads,Bhawarkua,35-44,Male,FALSE,0,TRUE
LEAD_1137,21-08-2026,CMP_G_01,Google Ads,Rau,25-34,Female,TRUE,3309.1,TRUE
LEAD_1138,04-09-2026,CMP_G_03,Google Ads,Annapurna,35-44,Male,FALSE,0,TRUE
LEAD_1139,11-08-2026,CMP_M_01,Meta Ads,Rau,25-34,Male,FALSE,0,TRUE
LEAD_1140,11-09-2026,CMP_G_03,Google Ads,Rau,18-24,Male,FALSE,0,TRUE
LEAD_1141,04-08-2026,CMP_M_01,Meta Ads,Mahalakshmi Nagar,25-34,Male,TRUE,8256.57,TRUE
LEAD_1142,04-09-2026,CMP_G_01,Google Ads,Vijay Nagar,18-24,Female,FALSE,0,TRUE
LEAD_1143,07-09-2026,CMP_M_02,Meta Ads,Mahalakshmi Nagar,25-34,Female,FALSE,0,TRUE
LEAD_1144,01-09-2026,CMP_M_01,Meta Ads,Vijay Nagar,18-24,Female,FALSE,0,FALSE
LEAD_1145,03-09-2026,CMP_G_01,Google Ads,Saket,18-24,Male,FALSE,0,TRUE
LEAD_1146,19-08-2026,CMP_M_01,Meta Ads,Vijay Nagar,18-24,Male,TRUE,3621,TRUE
LEAD_1147,04-08-2026,CMP_M_02,Meta Ads,Saket,18-24,Male,FALSE,0,TRUE
LEAD_1148,07-08-2026,CMP_G_02,Google Ads,Bhawarkua,35-44,Female,FALSE,0,TRUE
LEAD_1149,08-08-2026,CMP_M_03,Meta Ads,Rau,25-34,Female,TRUE,1040.07,TRUE
LEAD_1150,25-08-2026,CMP_M_02,Meta Ads,Saket,25-34,Female,TRUE,3463.26,TRUE
LEAD_1151,27-08-2026,CMP_M_01,Meta Ads,Vijay Nagar,18-24,Male,FALSE,0,TRUE
LEAD_1152,16-08-2026,CMP_M_02,Meta Ads,Palasia,18-24,Female,TRUE,2960.04,TRUE
LEAD_1153,10-09-2026,CMP_G_01,Google Ads,Palasia,25-34,Male,TRUE,5652.46,FALSE
LEAD_1154,04-09-2026,CMP_M_02,Meta Ads,Rau,25-34,Female,FALSE,0,FALSE
LEAD_1155,09-09-2026,CMP_M_01,Meta Ads,Palasia,18-24,Male,FALSE,0,TRUE
LEAD_1156,08-09-2026,CMP_M_01,Meta Ads,Annapurna,25-34,Female,FALSE,0,TRUE
LEAD_1157,07-09-2026,CMP_M_01,Meta Ads,Saket,18-24,Male,FALSE,0,TRUE
LEAD_1158,20-08-2026,CMP_M_01,Meta Ads,Mahalakshmi Nagar,18-24,Female,TRUE,3311.38,TRUE
LEAD_1159,28-08-2026,CMP_G_02,Google Ads,Mahalakshmi Nagar,18-24,Male,TRUE,2116.89,TRUE
LEAD_1160,17-08-2026,CMP_G_03,Google Ads,Annapurna,25-34,Female,FALSE,0,FALSE
LEAD_1161,22-08-2026,CMP_M_03,Meta Ads,Saket,18-24,Male,TRUE,1468.68,FALSE
LEAD_1162,01-08-2026,CMP_M_01,Meta Ads,Vijay Nagar,35-44,Male,FALSE,0,TRUE
LEAD_1163,14-09-2026,CMP_G_03,Google Ads,Mahalakshmi Nagar,25-34,Female,FALSE,0,TRUE
LEAD_1164,11-09-2026,CMP_M_03,Meta Ads,Mahalakshmi Nagar,35-44,Female,TRUE,1109.31,TRUE
LEAD_1165,25-08-2026,CMP_G_01,Google Ads,Saket,25-34,Male,FALSE,0,TRUE
LEAD_1166,01-08-2026,CMP_M_02,Meta Ads,Palasia,25-34,Female,TRUE,1236.86,TRUE
LEAD_1167,18-08-2026,CMP_G_01,Google Ads,Palasia,18-24,Male,TRUE,6679.16,TRUE
LEAD_1168,15-08-2026,CMP_G_03,Google Ads,Bhawarkua,45+,Female,FALSE,0,TRUE
LEAD_1169,08-09-2026,CMP_M_01,Meta Ads,Palasia,45+,Male,FALSE,0,TRUE
LEAD_1170,18-08-2026,CMP_G_01,Google Ads,Bhawarkua,18-24,Female,FALSE,0,TRUE
LEAD_1171,13-09-2026,CMP_M_02,Meta Ads,Rau,18-24,Male,FALSE,0,TRUE
LEAD_1172,09-08-2026,CMP_M_02,Meta Ads,Palasia,35-44,Male,TRUE,1600.99,TRUE
LEAD_1173,13-09-2026,CMP_G_02,Google Ads,Annapurna,25-34,Male,FALSE,0,TRUE
LEAD_1174,30-08-2026,CMP_M_02,Meta Ads,Bhawarkua,25-34,Male,FALSE,0,TRUE
LEAD_1175,21-08-2026,CMP_G_01,Google Ads,Saket,18-24,Female,TRUE,5265.52,FALSE
LEAD_1176,03-09-2026,CMP_M_01,Meta Ads,Annapurna,18-24,Female,FALSE,0,TRUE
LEAD_1177,29-08-2026,CMP_G_03,Google Ads,Saket,18-24,Female,TRUE,1753.85,TRUE
LEAD_1178,15-08-2026,CMP_G_01,Google Ads,Bhawarkua,45+,Male,FALSE,0,FALSE
LEAD_1179,22-08-2026,CMP_G_02,Google Ads,Vijay Nagar,18-24,Female,TRUE,2456.74,TRUE
LEAD_1180,10-09-2026,CMP_G_01,Google Ads,Mahalakshmi Nagar,18-24,Female,FALSE,0,FALSE
LEAD_1181,22-08-2026,CMP_G_02,Google Ads,Rau,35-44,Male,TRUE,4230.56,FALSE
LEAD_1182,09-09-2026,CMP_M_02,Meta Ads,Vijay Nagar,25-34,Female,FALSE,0,TRUE
LEAD_1183,04-08-2026,CMP_G_01,Google Ads,Mahalakshmi Nagar,25-34,Male,TRUE,8025.27,TRUE
LEAD_1184,29-08-2026,CMP_G_01,Google Ads,Bhawarkua,18-24,Male,TRUE,3112.3,TRUE
LEAD_1185,19-08-2026,CMP_M_01,Meta Ads,Bhawarkua,18-24,Male,FALSE,0,TRUE
LEAD_1186,08-09-2026,CMP_G_02,Google Ads,Bhawarkua,25-34,Male,TRUE,4077.41,TRUE
LEAD_1187,09-09-2026,CMP_M_03,Meta Ads,Annapurna,35-44,Female,TRUE,1173.45,TRUE
LEAD_1188,13-08-2026,CMP_G_03,Google Ads,Vijay Nagar,25-34,Female,FALSE,0,TRUE
LEAD_1189,13-08-2026,CMP_M_02,Meta Ads,Palasia,25-34,Female,FALSE,0,FALSE
LEAD_1190,09-09-2026,CMP_G_03,Google Ads,Mahalakshmi Nagar,18-24,Female,TRUE,2100.49,TRUE
LEAD_1191,02-09-2026,CMP_M_01,Meta Ads,Mahalakshmi Nagar,25-34,Male,FALSE,0,FALSE
LEAD_1192,10-08-2026,CMP_M_01,Meta Ads,Saket,25-34,Female,FALSE,0,TRUE
LEAD_1193,03-09-2026,CMP_M_03,Meta Ads,Annapurna,18-24,Female,FALSE,0,TRUE
LEAD_1194,05-09-2026,CMP_M_02,Meta Ads,Bhawarkua,18-24,Male,FALSE,0,FALSE
LEAD_1195,13-08-2026,CMP_M_01,Meta Ads,Saket,18-24,Female,FALSE,0,TRUE
LEAD_1196,30-08-2026,CMP_M_02,Meta Ads,Rau,25-34,Female,TRUE,2519.36,TRUE
LEAD_1197,22-08-2026,CMP_G_02,Google Ads,Mahalakshmi Nagar,35-44,Female,TRUE,1951.75,TRUE
LEAD_1198,10-09-2026,CMP_M_03,Meta Ads,Rau,18-24,Female,TRUE,1502.17,TRUE
LEAD_1199,22-08-2026,CMP_M_02,Meta Ads,Bhawarkua,18-24,Female,FALSE,0,TRUE
LEAD_1200,24-08-2026,CMP_M_03,Meta Ads,Saket,18-24,Female,FALSE,0,TRUE
LEAD_1201,13-08-2026,CMP_G_02,Google Ads,Saket,18-24,Female,TRUE,3546.54,FALSE
LEAD_1202,12-08-2026,CMP_G_02,Google Ads,Saket,25-34,Female,FALSE,0,TRUE
LEAD_1203,12-08-2026,CMP_M_01,Meta Ads,Palasia,35-44,Male,FALSE,0,TRUE
LEAD_1204,13-09-2026,CMP_G_01,Google Ads,Annapurna,35-44,Female,FALSE,0,TRUE
LEAD_1205,20-08-2026,CMP_M_03,Meta Ads,Saket,35-44,Male,FALSE,0,TRUE
LEAD_1206,09-09-2026,CMP_M_03,Meta Ads,Vijay Nagar,18-24,Male,TRUE,3280.49,FALSE
LEAD_1207,13-08-2026,CMP_G_01,Google Ads,Saket,18-24,Female,TRUE,3892.58,TRUE
LEAD_1208,03-08-2026,CMP_M_01,Meta Ads,Rau,18-24,Female,FALSE,0,TRUE
LEAD_1209,21-08-2026,CMP_M_02,Meta Ads,Annapurna,35-44,Male,FALSE,0,TRUE
LEAD_1210,07-09-2026,CMP_M_02,Meta Ads,Vijay Nagar,35-44,Male,TRUE,3291.75,TRUE
LEAD_1211,11-08-2026,CMP_M_01,Meta Ads,Mahalakshmi Nagar,35-44,Male,FALSE,0,TRUE
LEAD_1212,03-09-2026,CMP_G_03,Google Ads,Saket,25-34,Female,FALSE,0,TRUE
LEAD_1213,01-09-2026,CMP_M_01,Meta Ads,Rau,25-34,Male,FALSE,0,TRUE
LEAD_1214,03-08-2026,CMP_M_01,Meta Ads,Palasia,25-34,Female,FALSE,0,TRUE
LEAD_1215,28-08-2026,CMP_G_02,Google Ads,Rau,18-24,Male,FALSE,0,FALSE
LEAD_1216,06-08-2026,CMP_G_02,Google Ads,Vijay Nagar,18-24,Female,FALSE,0,TRUE
LEAD_1217,03-08-2026,CMP_G_02,Google Ads,Rau,18-24,Female,FALSE,0,TRUE
LEAD_1218,24-08-2026,CMP_G_03,Google Ads,Bhawarkua,18-24,Female,TRUE,3072.16,TRUE
LEAD_1219,05-08-2026,CMP_G_02,Google Ads,Vijay Nagar,18-24,Female,FALSE,0,TRUE
LEAD_1220,06-08-2026,CMP_M_01,Meta Ads,Palasia,18-24,Female,FALSE,0,TRUE
LEAD_1221,13-08-2026,CMP_G_01,Google Ads,Saket,18-24,Male,TRUE,4702.42,TRUE
LEAD_1222,18-08-2026,CMP_M_02,Meta Ads,Rau,45+,Male,FALSE,0,TRUE
LEAD_1223,04-09-2026,CMP_M_02,Meta Ads,Vijay Nagar,35-44,Female,FALSE,0,FALSE
LEAD_1224,26-08-2026,CMP_G_03,Google Ads,Mahalakshmi Nagar,25-34,Female,TRUE,3453.7,FALSE
LEAD_1225,10-08-2026,CMP_M_01,Meta Ads,Palasia,18-24,Male,FALSE,0,FALSE
LEAD_1226,03-09-2026,CMP_M_01,Meta Ads,Rau,35-44,Male,FALSE,0,TRUE
LEAD_1227,06-08-2026,CMP_M_01,Meta Ads,Palasia,25-34,Male,FALSE,0,TRUE
LEAD_1228,29-08-2026,CMP_G_03,Google Ads,Rau,18-24,Female,FALSE,0,TRUE
LEAD_1229,20-08-2026,CMP_M_03,Meta Ads,Mahalakshmi Nagar,25-34,Female,TRUE,3447.06,TRUE
LEAD_1230,28-08-2026,CMP_G_02,Google Ads,Bhawarkua,35-44,Male,FALSE,0,TRUE
LEAD_1231,07-09-2026,CMP_G_02,Google Ads,Palasia,18-24,Male,TRUE,1479.02,FALSE
LEAD_1232,10-09-2026,CMP_G_03,Google Ads,Rau,25-34,Female,FALSE,0,TRUE
LEAD_1233,26-08-2026,CMP_G_03,Google Ads,Bhawarkua,18-24,Female,FALSE,0,TRUE
LEAD_1234,29-08-2026,CMP_M_01,Meta Ads,Saket,18-24,Female,FALSE,0,TRUE
LEAD_1235,03-08-2026,CMP_M_01,Meta Ads,Rau,25-34,Female,FALSE,0,TRUE
LEAD_1236,25-08-2026,CMP_G_01,Google Ads,Palasia,18-24,Female,FALSE,0,TRUE
LEAD_1237,24-08-2026,CMP_M_01,Meta Ads,Mahalakshmi Nagar,35-44,Female,TRUE,5755.63,TRUE
LEAD_1238,09-08-2026,CMP_M_03,Meta Ads,Bhawarkua,25-34,Female,FALSE,0,TRUE
LEAD_1239,14-08-2026,CMP_M_03,Meta Ads,Bhawarkua,35-44,Male,TRUE,1250.82,TRUE
LEAD_1240,06-09-2026,CMP_G_02,Google Ads,Rau,18-24,Male,FALSE,0,FALSE
LEAD_1241,13-08-2026,CMP_M_01,Meta Ads,Vijay Nagar,35-44,Male,TRUE,2842.43,TRUE
LEAD_1242,22-08-2026,CMP_G_02,Google Ads,Bhawarkua,25-34,Female,TRUE,4495.03,FALSE
LEAD_1243,11-09-2026,CMP_G_01,Google Ads,Annapurna,35-44,Male,TRUE,7821.67,TRUE
LEAD_1244,12-08-2026,CMP_G_03,Google Ads,Rau,25-34,Female,TRUE,2020.64,TRUE
LEAD_1245,12-08-2026,CMP_M_03,Meta Ads,Annapurna,45+,Female,TRUE,2786.01,TRUE
LEAD_1246,18-08-2026,CMP_M_03,Meta Ads,Annapurna,35-44,Male,TRUE,3282.9,TRUE
LEAD_1247,14-08-2026,CMP_M_02,Meta Ads,Bhawarkua,45+,Female,FALSE,0,FALSE
LEAD_1248,05-08-2026,CMP_M_03,Meta Ads,Rau,35-44,Female,FALSE,0,TRUE
LEAD_1249,17-08-2026,CMP_M_01,Meta Ads,Vijay Nagar,18-24,Male,TRUE,3982.02,TRUE
LEAD_1250,25-08-2026,CMP_M_02,Meta Ads,Bhawarkua,35-44,Female,FALSE,0,TRUE
LEAD_1251,08-08-2026,CMP_G_01,Google Ads,Annapurna,25-34,Female,TRUE,6841.87,TRUE
LEAD_1252,05-09-2026,CMP_G_01,Google Ads,Annapurna,45+,Female,FALSE,0,TRUE
LEAD_1253,11-08-2026,CMP_M_02,Meta Ads,Vijay Nagar,25-34,Female,FALSE,0,TRUE
LEAD_1254,26-08-2026,CMP_G_01,Google Ads,Annapurna,35-44,Male,FALSE,0,TRUE
LEAD_1255,23-08-2026,CMP_G_02,Google Ads,Annapurna,18-24,Male,FALSE,0,TRUE
LEAD_1256,14-09-2026,CMP_G_02,Google Ads,Annapurna,35-44,Male,FALSE,0,TRUE
LEAD_1257,07-08-2026,CMP_M_02,Meta Ads,Saket,25-34,Male,FALSE,0,TRUE
LEAD_1258,25-08-2026,CMP_G_01,Google Ads,Palasia,25-34,Female,FALSE,0,TRUE
LEAD_1259,27-08-2026,CMP_G_01,Google Ads,Vijay Nagar,18-24,Female,FALSE,0,TRUE
LEAD_1260,15-08-2026,CMP_M_01,Meta Ads,Vijay Nagar,35-44,Male,FALSE,0,FALSE
LEAD_1261,11-08-2026,CMP_G_02,Google Ads,Rau,18-24,Female,FALSE,0,TRUE
LEAD_1262,13-08-2026,CMP_M_01,Meta Ads,Rau,25-34,Female,FALSE,0,TRUE
LEAD_1263,07-08-2026,CMP_G_02,Google Ads,Palasia,18-24,Male,FALSE,0,TRUE
LEAD_1264,14-08-2026,CMP_G_01,Google Ads,Vijay Nagar,25-34,Female,FALSE,0,TRUE
LEAD_1265,03-08-2026,CMP_M_01,Meta Ads,Palasia,25-34,Male,FALSE,0,TRUE
LEAD_1266,07-08-2026,CMP_M_01,Meta Ads,Mahalakshmi Nagar,45+,Male,FALSE,0,TRUE
LEAD_1267,07-08-2026,CMP_G_02,Google Ads,Annapurna,25-34,Male,FALSE,0,TRUE
LEAD_1268,14-09-2026,CMP_M_03,Meta Ads,Palasia,25-34,Male,FALSE,0,TRUE
LEAD_1269,12-09-2026,CMP_G_03,Google Ads,Saket,18-24,Male,FALSE,0,TRUE
LEAD_1270,02-09-2026,CMP_G_03,Google Ads,Palasia,25-34,Male,FALSE,0,TRUE
LEAD_1271,02-08-2026,CMP_G_01,Google Ads,Saket,18-24,Female,TRUE,6313.19,FALSE
LEAD_1272,06-08-2026,CMP_G_02,Google Ads,Saket,18-24,Female,TRUE,1603.74,TRUE
LEAD_1273,16-08-2026,CMP_M_01,Meta Ads,Rau,45+,Female,FALSE,0,FALSE
LEAD_1274,09-08-2026,CMP_M_03,Meta Ads,Annapurna,35-44,Female,FALSE,0,TRUE
LEAD_1275,27-08-2026,CMP_M_02,Meta Ads,Saket,35-44,Female,FALSE,0,TRUE
LEAD_1276,22-08-2026,CMP_M_02,Meta Ads,Rau,18-24,Male,FALSE,0,TRUE
LEAD_1277,13-09-2026,CMP_M_03,Meta Ads,Palasia,25-34,Female,FALSE,0,TRUE
LEAD_1278,29-08-2026,CMP_G_03,Google Ads,Bhawarkua,18-24,Female,TRUE,2600.41,TRUE
LEAD_1279,10-08-2026,CMP_M_01,Meta Ads,Palasia,18-24,Male,FALSE,0,FALSE
LEAD_1280,14-08-2026,CMP_M_02,Meta Ads,Vijay Nagar,25-34,Female,FALSE,0,TRUE
LEAD_1281,13-08-2026,CMP_G_02,Google Ads,Palasia,25-34,Female,FALSE,0,TRUE
LEAD_1282,10-09-2026,CMP_M_01,Meta Ads,Mahalakshmi Nagar,35-44,Female,FALSE,0,TRUE
LEAD_1283,26-08-2026,CMP_M_03,Meta Ads,Bhawarkua,25-34,Female,FALSE,0,TRUE
LEAD_1284,10-08-2026,CMP_M_02,Meta Ads,Mahalakshmi Nagar,25-34,Male,FALSE,0,TRUE
LEAD_1285,06-08-2026,CMP_G_03,Google Ads,Saket,25-34,Female,FALSE,0,TRUE
LEAD_1286,17-08-2026,CMP_M_02,Meta Ads,Saket,25-34,Female,FALSE,0,TRUE
LEAD_1287,05-08-2026,CMP_M_01,Meta Ads,Annapurna,25-34,Female,FALSE,0,TRUE
LEAD_1288,01-08-2026,CMP_G_02,Google Ads,Annapurna,25-34,Female,FALSE,0,FALSE
LEAD_1289,26-08-2026,CMP_M_03,Meta Ads,Saket,25-34,Female,FALSE,0,FALSE
LEAD_1290,05-08-2026,CMP_M_03,Meta Ads,Vijay Nagar,45+,Female,FALSE,0,TRUE
LEAD_1291,11-08-2026,CMP_M_03,Meta Ads,Bhawarkua,45+,Male,FALSE,0,TRUE
LEAD_1292,23-08-2026,CMP_M_02,Meta Ads,Bhawarkua,25-34,Female,FALSE,0,TRUE
LEAD_1293,25-08-2026,CMP_G_01,Google Ads,Annapurna,18-24,Female,FALSE,0,FALSE
LEAD_1294,24-08-2026,CMP_M_03,Meta Ads,Annapurna,25-34,Female,TRUE,2603.57,TRUE
LEAD_1295,13-09-2026,CMP_M_01,Meta Ads,Palasia,25-34,Male,FALSE,0,TRUE
LEAD_1296,01-08-2026,CMP_M_02,Meta Ads,Vijay Nagar,25-34,Male,FALSE,0,TRUE
LEAD_1297,07-09-2026,CMP_G_03,Google Ads,Vijay Nagar,25-34,Female,FALSE,0,FALSE
LEAD_1298,28-08-2026,CMP_G_03,Google Ads,Saket,25-34,Female,FALSE,0,TRUE
LEAD_1299,07-09-2026,CMP_M_03,Meta Ads,Annapurna,35-44,Female,TRUE,1731.54,TRUE
LEAD_1300,23-08-2026,CMP_M_01,Meta Ads,Saket,25-34,Male,FALSE,0,TRUE
LEAD_1301,20-08-2026,CMP_G_03,Google Ads,Palasia,35-44,Female,FALSE,0,TRUE
LEAD_1302,14-09-2026,CMP_G_01,Google Ads,Saket,25-34,Female,TRUE,5181.69,TRUE
LEAD_1303,09-08-2026,CMP_G_03,Google Ads,Palasia,25-34,Female,FALSE,0,TRUE
LEAD_1304,14-08-2026,CMP_M_01,Meta Ads,Vijay Nagar,25-34,Male,FALSE,0,TRUE
LEAD_1305,27-08-2026,CMP_G_02,Google Ads,Rau,18-24,Male,FALSE,0,TRUE
LEAD_1306,06-08-2026,CMP_G_01,Google Ads,Saket,18-24,Female,TRUE,4953.05,TRUE
LEAD_1307,07-08-2026,CMP_M_01,Meta Ads,Saket,35-44,Female,FALSE,0,TRUE
LEAD_1308,03-08-2026,CMP_M_01,Meta Ads,Rau,35-44,Female,FALSE,0,TRUE
LEAD_1309,18-08-2026,CMP_M_01,Meta Ads,Bhawarkua,35-44,Male,FALSE,0,FALSE
LEAD_1310,13-09-2026,CMP_G_03,Google Ads,Mahalakshmi Nagar,18-24,Female,TRUE,3303.41,FALSE
LEAD_1311,09-09-2026,CMP_G_03,Google Ads,Saket,35-44,Male,FALSE,0,TRUE
LEAD_1312,14-09-2026,CMP_G_01,Google Ads,Palasia,18-24,Female,TRUE,5090.31,FALSE
LEAD_1313,14-09-2026,CMP_M_01,Meta Ads,Palasia,25-34,Male,FALSE,0,TRUE
LEAD_1314,31-08-2026,CMP_M_01,Meta Ads,Vijay Nagar,45+,Male,TRUE,5735.01,TRUE
LEAD_1315,02-08-2026,CMP_M_02,Meta Ads,Mahalakshmi Nagar,18-24,Male,FALSE,0,TRUE
LEAD_1316,29-08-2026,CMP_G_03,Google Ads,Annapurna,25-34,Female,TRUE,1530.61,TRUE
LEAD_1317,31-08-2026,CMP_G_03,Google Ads,Mahalakshmi Nagar,25-34,Female,FALSE,0,FALSE
LEAD_1318,08-09-2026,CMP_G_03,Google Ads,Rau,35-44,Male,TRUE,1426.71,TRUE
LEAD_1319,03-08-2026,CMP_M_02,Meta Ads,Mahalakshmi Nagar,18-24,Male,FALSE,0,TRUE
LEAD_1320,30-08-2026,CMP_M_03,Meta Ads,Bhawarkua,45+,Female,FALSE,0,TRUE
LEAD_1321,16-08-2026,CMP_M_01,Meta Ads,Mahalakshmi Nagar,45+,Male,FALSE,0,TRUE
LEAD_1322,02-08-2026,CMP_G_01,Google Ads,Saket,35-44,Male,FALSE,0,TRUE
LEAD_1323,17-08-2026,CMP_G_02,Google Ads,Annapurna,18-24,Female,TRUE,3664.17,FALSE
LEAD_1324,01-09-2026,CMP_M_01,Meta Ads,Annapurna,18-24,Female,FALSE,0,TRUE
LEAD_1325,08-09-2026,CMP_M_01,Meta Ads,Annapurna,25-34,Male,TRUE,3168.6,TRUE
LEAD_1326,05-09-2026,CMP_M_01,Meta Ads,Bhawarkua,35-44,Female,FALSE,0,FALSE
LEAD_1327,06-08-2026,CMP_G_01,Google Ads,Saket,25-34,Male,FALSE,0,TRUE
LEAD_1328,08-08-2026,CMP_M_02,Meta Ads,Palasia,35-44,Male,FALSE,0,TRUE
LEAD_1329,01-08-2026,CMP_M_01,Meta Ads,Rau,25-34,Male,FALSE,0,TRUE
LEAD_1330,21-08-2026,CMP_M_03,Meta Ads,Mahalakshmi Nagar,25-34,Male,FALSE,0,TRUE
LEAD_1331,08-09-2026,CMP_M_01,Meta Ads,Vijay Nagar,25-34,Female,FALSE,0,TRUE
LEAD_1332,10-08-2026,CMP_M_01,Meta Ads,Saket,35-44,Female,FALSE,0,TRUE
LEAD_1333,08-09-2026,CMP_M_01,Meta Ads,Annapurna,25-34,Male,FALSE,0,TRUE
LEAD_1334,08-09-2026,CMP_M_02,Meta Ads,Annapurna,18-24,Male,TRUE,1764.38,TRUE
LEAD_1335,31-08-2026,CMP_M_02,Meta Ads,Saket,25-34,Female,TRUE,2603.91,TRUE
LEAD_1336,22-08-2026,CMP_M_03,Meta Ads,Mahalakshmi Nagar,25-34,Male,TRUE,1312.3,TRUE
LEAD_1337,04-08-2026,CMP_M_02,Meta Ads,Mahalakshmi Nagar,18-24,Female,FALSE,0,FALSE
LEAD_1338,12-09-2026,CMP_G_03,Google Ads,Vijay Nagar,25-34,Female,TRUE,3363.42,TRUE
LEAD_1339,23-08-2026,CMP_M_02,Meta Ads,Bhawarkua,18-24,Male,FALSE,0,TRUE
LEAD_1340,13-08-2026,CMP_G_02,Google Ads,Rau,25-34,Female,FALSE,0,TRUE
LEAD_1341,07-09-2026,CMP_M_02,Meta Ads,Vijay Nagar,35-44,Male,FALSE,0,FALSE
LEAD_1342,11-08-2026,CMP_M_01,Meta Ads,Bhawarkua,25-34,Female,FALSE,0,TRUE
LEAD_1343,14-08-2026,CMP_G_01,Google Ads,Annapurna,18-24,Male,TRUE,7384.84,TRUE
LEAD_1344,13-09-2026,CMP_M_01,Meta Ads,Mahalakshmi Nagar,18-24,Male,FALSE,0,TRUE
LEAD_1345,11-08-2026,CMP_G_03,Google Ads,Bhawarkua,18-24,Female,TRUE,3400.16,TRUE
LEAD_1346,11-09-2026,CMP_M_03,Meta Ads,Bhawarkua,45+,Male,FALSE,0,TRUE
LEAD_1347,03-08-2026,CMP_G_03,Google Ads,Bhawarkua,25-34,Male,FALSE,0,TRUE
LEAD_1348,11-09-2026,CMP_M_03,Meta Ads,Mahalakshmi Nagar,25-34,Male,FALSE,0,TRUE
LEAD_1349,30-08-2026,CMP_M_01,Meta Ads,Saket,25-34,Female,TRUE,7729.91,TRUE
LEAD_1350,08-08-2026,CMP_G_01,Google Ads,Bhawarkua,25-34,Male,FALSE,0,TRUE
LEAD_1351,07-09-2026,CMP_G_02,Google Ads,Saket,25-34,Female,TRUE,3348.14,TRUE
LEAD_1352,25-08-2026,CMP_M_01,Meta Ads,Annapurna,25-34,Female,FALSE,0,TRUE
LEAD_1353,21-08-2026,CMP_G_01,Google Ads,Mahalakshmi Nagar,35-44,Female,FALSE,0,TRUE
LEAD_1354,02-08-2026,CMP_M_02,Meta Ads,Mahalakshmi Nagar,25-34,Male,FALSE,0,TRUE
LEAD_1355,03-09-2026,CMP_M_01,Meta Ads,Rau,25-34,Male,FALSE,0,TRUE
LEAD_1356,14-08-2026,CMP_G_01,Google Ads,Palasia,35-44,Male,TRUE,8304.38,FALSE
LEAD_1357,29-08-2026,CMP_G_01,Google Ads,Palasia,25-34,Male,TRUE,7362.92,TRUE
LEAD_1358,17-08-2026,CMP_G_01,Google Ads,Vijay Nagar,18-24,Female,FALSE,0,FALSE
LEAD_1359,04-09-2026,CMP_G_02,Google Ads,Annapurna,18-24,Female,FALSE,0,TRUE
LEAD_1360,03-09-2026,CMP_M_03,Meta Ads,Saket,25-34,Female,FALSE,0,FALSE
LEAD_1361,14-09-2026,CMP_M_01,Meta Ads,Saket,25-34,Female,TRUE,4583.74,FALSE
LEAD_1362,12-09-2026,CMP_M_02,Meta Ads,Palasia,18-24,Female,FALSE,0,TRUE
LEAD_1363,14-08-2026,CMP_M_02,Meta Ads,Rau,25-34,Male,FALSE,0,FALSE
LEAD_1364,09-09-2026,CMP_G_02,Google Ads,Rau,18-24,Female,FALSE,0,TRUE
LEAD_1365,26-08-2026,CMP_M_03,Meta Ads,Annapurna,25-34,Male,TRUE,2131.38,FALSE
LEAD_1366,05-08-2026,CMP_M_01,Meta Ads,Saket,45+,Male,FALSE,0,TRUE
LEAD_1367,24-08-2026,CMP_G_02,Google Ads,Annapurna,35-44,Male,FALSE,0,TRUE
LEAD_1368,10-08-2026,CMP_G_03,Google Ads,Bhawarkua,18-24,Male,TRUE,1754.17,FALSE
LEAD_1369,08-08-2026,CMP_G_01,Google Ads,Annapurna,25-34,Female,FALSE,0,TRUE
LEAD_1370,24-08-2026,CMP_M_01,Meta Ads,Mahalakshmi Nagar,18-24,Male,FALSE,0,FALSE
LEAD_1371,01-08-2026,CMP_G_02,Google Ads,Palasia,25-34,Female,TRUE,1733.02,FALSE
LEAD_1372,12-08-2026,CMP_M_03,Meta Ads,Saket,25-34,Male,FALSE,0,TRUE
LEAD_1373,23-08-2026,CMP_G_01,Google Ads,Rau,18-24,Female,TRUE,6792.6,FALSE
LEAD_1374,21-08-2026,CMP_G_01,Google Ads,Bhawarkua,18-24,Male,FALSE,0,FALSE
LEAD_1375,04-09-2026,CMP_M_02,Meta Ads,Mahalakshmi Nagar,25-34,Male,FALSE,0,TRUE
LEAD_1376,13-09-2026,CMP_G_02,Google Ads,Palasia,18-24,Female,TRUE,3146.12,TRUE
LEAD_1377,10-09-2026,CMP_G_02,Google Ads,Annapurna,35-44,Male,FALSE,0,FALSE
LEAD_1378,30-08-2026,CMP_G_03,Google Ads,Saket,35-44,Female,FALSE,0,TRUE
LEAD_1379,28-08-2026,CMP_G_02,Google Ads,Annapurna,35-44,Male,FALSE,0,TRUE
LEAD_1380,06-08-2026,CMP_G_03,Google Ads,Bhawarkua,35-44,Male,FALSE,0,FALSE
LEAD_1381,05-08-2026,CMP_M_01,Meta Ads,Vijay Nagar,18-24,Female,FALSE,0,TRUE
LEAD_1382,05-09-2026,CMP_M_02,Meta Ads,Mahalakshmi Nagar,35-44,Male,FALSE,0,FALSE
LEAD_1383,02-09-2026,CMP_G_03,Google Ads,Bhawarkua,25-34,Male,TRUE,3417.59,TRUE
LEAD_1384,14-09-2026,CMP_M_03,Meta Ads,Vijay Nagar,25-34,Male,FALSE,0,TRUE
LEAD_1385,28-08-2026,CMP_M_02,Meta Ads,Annapurna,18-24,Male,FALSE,0,TRUE
LEAD_1386,03-09-2026,CMP_M_01,Meta Ads,Vijay Nagar,25-34,Male,FALSE,0,TRUE
LEAD_1387,03-09-2026,CMP_M_02,Meta Ads,Palasia,18-24,Male,FALSE,0,FALSE
LEAD_1388,04-08-2026,CMP_M_01,Meta Ads,Bhawarkua,18-24,Male,FALSE,0,TRUE
LEAD_1389,13-09-2026,CMP_G_03,Google Ads,Mahalakshmi Nagar,35-44,Female,TRUE,1574.37,TRUE
LEAD_1390,17-08-2026,CMP_M_01,Meta Ads,Annapurna,25-34,Female,FALSE,0,TRUE
LEAD_1391,11-09-2026,CMP_M_03,Meta Ads,Vijay Nagar,45+,Male,FALSE,0,TRUE
LEAD_1392,04-08-2026,CMP_M_02,Meta Ads,Rau,25-34,Female,FALSE,0,TRUE
LEAD_1393,23-08-2026,CMP_G_01,Google Ads,Palasia,25-34,Female,FALSE,0,FALSE
LEAD_1394,13-08-2026,CMP_G_03,Google Ads,Rau,35-44,Female,FALSE,0,TRUE
LEAD_1395,01-08-2026,CMP_M_03,Meta Ads,Annapurna,18-24,Female,FALSE,0,TRUE
LEAD_1396,24-08-2026,CMP_G_03,Google Ads,Mahalakshmi Nagar,18-24,Male,TRUE,2056.52,TRUE
LEAD_1397,29-08-2026,CMP_M_01,Meta Ads,Saket,25-34,Female,FALSE,0,TRUE
LEAD_1398,13-08-2026,CMP_M_03,Meta Ads,Saket,18-24,Female,FALSE,0,TRUE
LEAD_1399,03-08-2026,CMP_M_02,Meta Ads,Palasia,45+,Male,FALSE,0,TRUE
LEAD_1400,08-08-2026,CMP_M_03,Meta Ads,Mahalakshmi Nagar,25-34,Female,TRUE,2036.96,TRUE
LEAD_1401,26-08-2026,CMP_M_02,Meta Ads,Annapurna,35-44,Female,FALSE,0,TRUE
LEAD_1402,07-08-2026,CMP_G_01,Google Ads,Palasia,18-24,Female,FALSE,0,TRUE
LEAD_1403,16-08-2026,CMP_M_02,Meta Ads,Mahalakshmi Nagar,18-24,Male,FALSE,0,TRUE
LEAD_1404,28-08-2026,CMP_M_02,Meta Ads,Saket,25-34,Male,FALSE,0,TRUE
LEAD_1405,10-08-2026,CMP_G_02,Google Ads,Palasia,18-24,Male,FALSE,0,TRUE
LEAD_1406,14-09-2026,CMP_M_02,Meta Ads,Mahalakshmi Nagar,25-34,Female,FALSE,0,TRUE
LEAD_1407,07-08-2026,CMP_M_02,Meta Ads,Palasia,18-24,Male,TRUE,2793.09,TRUE
LEAD_1408,10-08-2026,CMP_M_01,Meta Ads,Palasia,25-34,Female,FALSE,0,TRUE
LEAD_1409,10-08-2026,CMP_G_02,Google Ads,Rau,18-24,Male,FALSE,0,TRUE
LEAD_1410,03-09-2026,CMP_G_03,Google Ads,Palasia,18-24,Female,TRUE,1727.4,TRUE
LEAD_1411,28-08-2026,CMP_G_01,Google Ads,Saket,18-24,Female,FALSE,0,TRUE
LEAD_1412,27-08-2026,CMP_M_03,Meta Ads,Vijay Nagar,18-24,Female,FALSE,0,TRUE
LEAD_1413,21-08-2026,CMP_M_01,Meta Ads,Bhawarkua,18-24,Male,FALSE,0,TRUE
LEAD_1414,17-08-2026,CMP_G_03,Google Ads,Saket,18-24,Female,FALSE,0,FALSE
LEAD_1415,13-09-2026,CMP_M_01,Meta Ads,Mahalakshmi Nagar,18-24,Female,FALSE,0,TRUE
LEAD_1416,07-09-2026,CMP_M_02,Meta Ads,Annapurna,18-24,Male,TRUE,2327.93,TRUE
LEAD_1417,07-08-2026,CMP_G_01,Google Ads,Annapurna,25-34,Female,FALSE,0,TRUE
LEAD_1418,11-09-2026,CMP_M_03,Meta Ads,Palasia,25-34,Male,FALSE,0,TRUE
LEAD_1419,04-09-2026,CMP_G_01,Google Ads,Saket,25-34,Male,FALSE,0,TRUE
LEAD_1420,10-08-2026,CMP_G_02,Google Ads,Rau,25-34,Male,TRUE,1548.96,TRUE
LEAD_1421,05-09-2026,CMP_M_02,Meta Ads,Saket,25-34,Male,FALSE,0,FALSE
LEAD_1422,05-08-2026,CMP_M_03,Meta Ads,Rau,45+,Female,FALSE,0,TRUE
LEAD_1423,08-09-2026,CMP_G_01,Google Ads,Palasia,18-24,Male,FALSE,0,TRUE
LEAD_1424,14-09-2026,CMP_G_01,Google Ads,Mahalakshmi Nagar,25-34,Male,FALSE,0,TRUE
LEAD_1425,05-08-2026,CMP_M_03,Meta Ads,Bhawarkua,25-34,Female,TRUE,1346.9,FALSE
LEAD_1426,14-08-2026,CMP_M_01,Meta Ads,Palasia,25-34,Female,TRUE,3849.18,TRUE
LEAD_1427,02-09-2026,CMP_M_03,Meta Ads,Annapurna,25-34,Female,FALSE,0,TRUE
LEAD_1428,19-08-2026,CMP_M_02,Meta Ads,Palasia,18-24,Female,TRUE,2812.29,TRUE
LEAD_1429,10-09-2026,CMP_G_02,Google Ads,Saket,35-44,Female,FALSE,0,TRUE
LEAD_1430,11-09-2026,CMP_M_02,Meta Ads,Palasia,25-34,Female,TRUE,3546.06,FALSE
LEAD_1431,08-09-2026,CMP_G_03,Google Ads,Saket,18-24,Male,FALSE,0,FALSE
LEAD_1432,09-08-2026,CMP_M_01,Meta Ads,Rau,18-24,Male,FALSE,0,TRUE
LEAD_1433,01-08-2026,CMP_M_01,Meta Ads,Palasia,25-34,Female,FALSE,0,TRUE
LEAD_1434,02-08-2026,CMP_G_02,Google Ads,Mahalakshmi Nagar,35-44,Male,FALSE,0,TRUE
LEAD_1435,14-09-2026,CMP_G_01,Google Ads,Annapurna,18-24,Male,FALSE,0,TRUE
LEAD_1436,14-08-2026,CMP_M_01,Meta Ads,Palasia,18-24,Female,FALSE,0,TRUE
LEAD_1437,26-08-2026,CMP_M_01,Meta Ads,Palasia,25-34,Female,FALSE,0,TRUE
LEAD_1438,31-08-2026,CMP_G_01,Google Ads,Palasia,35-44,Female,TRUE,3334.04,TRUE
LEAD_1439,12-08-2026,CMP_M_01,Meta Ads,Vijay Nagar,18-24,Male,FALSE,0,TRUE
LEAD_1440,13-09-2026,CMP_M_02,Meta Ads,Vijay Nagar,18-24,Female,FALSE,0,TRUE
LEAD_1441,11-09-2026,CMP_M_01,Meta Ads,Rau,18-24,Male,TRUE,8331.2,TRUE
LEAD_1442,07-08-2026,CMP_G_01,Google Ads,Vijay Nagar,18-24,Female,FALSE,0,TRUE
LEAD_1443,03-08-2026,CMP_M_02,Meta Ads,Mahalakshmi Nagar,18-24,Female,FALSE,0,TRUE
LEAD_1444,01-08-2026,CMP_M_01,Meta Ads,Vijay Nagar,45+,Female,FALSE,0,TRUE
LEAD_1445,22-08-2026,CMP_M_02,Meta Ads,Palasia,25-34,Female,TRUE,3202.34,TRUE
LEAD_1446,11-08-2026,CMP_G_03,Google Ads,Bhawarkua,18-24,Female,FALSE,0,TRUE
LEAD_1447,10-09-2026,CMP_M_02,Meta Ads,Vijay Nagar,35-44,Female,FALSE,0,TRUE
LEAD_1448,02-09-2026,CMP_G_02,Google Ads,Vijay Nagar,35-44,Female,TRUE,4413.95,TRUE
LEAD_1449,10-08-2026,CMP_G_03,Google Ads,Annapurna,25-34,Male,TRUE,1853.94,TRUE
LEAD_1450,08-08-2026,CMP_M_02,Meta Ads,Vijay Nagar,18-24,Male,FALSE,0,TRUE
LEAD_1451,05-08-2026,CMP_G_02,Google Ads,Vijay Nagar,25-34,Male,FALSE,0,TRUE
LEAD_1452,03-08-2026,CMP_G_01,Google Ads,Palasia,25-34,Female,FALSE,0,TRUE
LEAD_1453,28-08-2026,CMP_G_02,Google Ads,Saket,25-34,Female,TRUE,1910.75,TRUE
LEAD_1454,18-08-2026,CMP_M_03,Meta Ads,Annapurna,25-34,Female,FALSE,0,FALSE
LEAD_1455,05-08-2026,CMP_M_03,Meta Ads,Mahalakshmi Nagar,45+,Female,FALSE,0,TRUE
LEAD_1456,21-08-2026,CMP_M_01,Meta Ads,Mahalakshmi Nagar,35-44,Female,TRUE,3642.35,TRUE
LEAD_1457,06-09-2026,CMP_G_01,Google Ads,Palasia,18-24,Male,TRUE,5236.48,FALSE
LEAD_1458,25-08-2026,CMP_G_02,Google Ads,Bhawarkua,25-34,Male,FALSE,0,TRUE
LEAD_1459,10-09-2026,CMP_G_03,Google Ads,Mahalakshmi Nagar,45+,Male,FALSE,0,TRUE
LEAD_1460,05-09-2026,CMP_G_03,Google Ads,Rau,25-34,Female,TRUE,2242.18,TRUE
LEAD_1461,27-08-2026,CMP_G_01,Google Ads,Mahalakshmi Nagar,25-34,Male,FALSE,0,TRUE
LEAD_1462,16-08-2026,CMP_M_02,Meta Ads,Palasia,45+,Female,FALSE,0,TRUE
LEAD_1463,09-08-2026,CMP_M_01,Meta Ads,Vijay Nagar,35-44,Female,FALSE,0,FALSE
LEAD_1464,09-08-2026,CMP_M_02,Meta Ads,Palasia,35-44,Female,FALSE,0,TRUE
LEAD_1465,27-08-2026,CMP_M_03,Meta Ads,Vijay Nagar,25-34,Female,TRUE,1554.74,FALSE
LEAD_1466,10-08-2026,CMP_M_02,Meta Ads,Vijay Nagar,25-34,Female,FALSE,0,TRUE
LEAD_1467,07-08-2026,CMP_G_01,Google Ads,Mahalakshmi Nagar,25-34,Female,TRUE,6577.66,TRUE
LEAD_1468,10-08-2026,CMP_G_01,Google Ads,Vijay Nagar,18-24,Male,FALSE,0,TRUE
LEAD_1469,12-08-2026,CMP_G_03,Google Ads,Rau,25-34,Female,TRUE,2168.36,TRUE
LEAD_1470,22-08-2026,CMP_G_03,Google Ads,Vijay Nagar,18-24,Female,TRUE,2098.73,TRUE
LEAD_1471,03-08-2026,CMP_M_03,Meta Ads,Palasia,25-34,Female,FALSE,0,TRUE
LEAD_1472,13-09-2026,CMP_M_02,Meta Ads,Bhawarkua,25-34,Male,FALSE,0,FALSE
LEAD_1473,02-09-2026,CMP_M_03,Meta Ads,Palasia,18-24,Female,TRUE,1726.29,TRUE
LEAD_1474,09-08-2026,CMP_G_03,Google Ads,Bhawarkua,25-34,Female,FALSE,0,TRUE
LEAD_1475,05-09-2026,CMP_G_02,Google Ads,Vijay Nagar,35-44,Female,FALSE,0,TRUE
LEAD_1476,11-09-2026,CMP_G_03,Google Ads,Vijay Nagar,35-44,Male,TRUE,1993.77,TRUE
LEAD_1477,07-08-2026,CMP_G_02,Google Ads,Mahalakshmi Nagar,35-44,Female,TRUE,1754.96,TRUE
LEAD_1478,04-09-2026,CMP_G_02,Google Ads,Vijay Nagar,35-44,Female,TRUE,1761.98,TRUE
LEAD_1479,10-09-2026,CMP_M_01,Meta Ads,Palasia,18-24,Male,FALSE,0,FALSE
LEAD_1480,06-09-2026,CMP_M_01,Meta Ads,Bhawarkua,18-24,Female,FALSE,0,FALSE
LEAD_1481,01-08-2026,CMP_M_03,Meta Ads,Bhawarkua,25-34,Female,TRUE,3547.46,FALSE
LEAD_1482,23-08-2026,CMP_G_03,Google Ads,Annapurna,25-34,Female,FALSE,0,FALSE
LEAD_1483,02-09-2026,CMP_M_03,Meta Ads,Mahalakshmi Nagar,35-44,Female,FALSE,0,TRUE
LEAD_1484,31-08-2026,CMP_M_02,Meta Ads,Mahalakshmi Nagar,18-24,Female,FALSE,0,TRUE
LEAD_1485,06-08-2026,CMP_M_02,Meta Ads,Vijay Nagar,45+,Female,FALSE,0,FALSE
LEAD_1486,13-09-2026,CMP_G_02,Google Ads,Mahalakshmi Nagar,25-34,Male,FALSE,0,TRUE
LEAD_1487,08-09-2026,CMP_M_01,Meta Ads,Mahalakshmi Nagar,18-24,Male,FALSE,0,TRUE
LEAD_1488,24-08-2026,CMP_G_03,Google Ads,Vijay Nagar,35-44,Male,TRUE,2583.37,FALSE
LEAD_1489,14-08-2026,CMP_G_03,Google Ads,Rau,18-24,Female,FALSE,0,FALSE
LEAD_1490,01-09-2026,CMP_M_01,Meta Ads,Vijay Nagar,18-24,Male,FALSE,0,TRUE
LEAD_1491,06-08-2026,CMP_M_01,Meta Ads,Bhawarkua,18-24,Male,FALSE,0,TRUE
LEAD_1492,18-08-2026,CMP_G_02,Google Ads,Saket,18-24,Female,FALSE,0,TRUE
LEAD_1493,17-08-2026,CMP_M_02,Meta Ads,Saket,35-44,Female,FALSE,0,FALSE
LEAD_1494,08-08-2026,CMP_M_03,Meta Ads,Bhawarkua,18-24,Male,FALSE,0,FALSE
LEAD_1495,09-09-2026,CMP_G_03,Google Ads,Palasia,25-34,Female,FALSE,0,FALSE
LEAD_1496,21-08-2026,CMP_M_01,Meta Ads,Annapurna,25-34,Female,FALSE,0,TRUE
LEAD_1497,13-09-2026,CMP_M_03,Meta Ads,Annapurna,18-24,Male,FALSE,0,TRUE
LEAD_1498,05-09-2026,CMP_M_02,Meta Ads,Mahalakshmi Nagar,18-24,Female,FALSE,0,TRUE
LEAD_1499,05-08-2026,CMP_M_01,Meta Ads,Mahalakshmi Nagar,25-34,Female,FALSE,0,TRUE
LEAD_1500,11-09-2026,CMP_M_01,Meta Ads,Vijay Nagar,18-24,Male,TRUE,5850.16,FALSE
LEAD_1501,26-08-2026,CMP_M_03,Meta Ads,Palasia,25-34,Female,FALSE,0,TRUE
LEAD_1502,08-09-2026,CMP_G_03,Google Ads,Annapurna,25-34,Female,FALSE,0,TRUE
LEAD_1503,04-09-2026,CMP_M_01,Meta Ads,Bhawarkua,18-24,Female,FALSE,0,TRUE
LEAD_1504,08-09-2026,CMP_M_01,Meta Ads,Vijay Nagar,45+,Female,FALSE,0,TRUE
LEAD_1505,31-08-2026,CMP_G_03,Google Ads,Palasia,35-44,Male,FALSE,0,TRUE
LEAD_1506,18-08-2026,CMP_M_02,Meta Ads,Palasia,18-24,Female,FALSE,0,TRUE
LEAD_1507,20-08-2026,CMP_G_03,Google Ads,Bhawarkua,35-44,Female,FALSE,0,FALSE
LEAD_1508,17-08-2026,CMP_M_01,Meta Ads,Vijay Nagar,18-24,Male,FALSE,0,TRUE
LEAD_1509,20-08-2026,CMP_G_03,Google Ads,Saket,45+,Female,FALSE,0,TRUE
LEAD_1510,11-08-2026,CMP_M_01,Meta Ads,Bhawarkua,25-34,Male,FALSE,0,FALSE
LEAD_1511,01-08-2026,CMP_G_03,Google Ads,Palasia,18-24,Male,TRUE,2414.45,FALSE
LEAD_1512,21-08-2026,CMP_M_01,Meta Ads,Mahalakshmi Nagar,45+,Male,FALSE,0,TRUE
LEAD_1513,21-08-2026,CMP_M_02,Meta Ads,Palasia,25-34,Female,TRUE,938.3,FALSE
LEAD_1514,13-09-2026,CMP_M_02,Meta Ads,Rau,25-34,Male,FALSE,0,TRUE
LEAD_1515,09-08-2026,CMP_M_03,Meta Ads,Annapurna,45+,Female,FALSE,0,TRUE
LEAD_1516,13-08-2026,CMP_G_02,Google Ads,Rau,35-44,Male,FALSE,0,TRUE
LEAD_1517,14-08-2026,CMP_G_02,Google Ads,Annapurna,25-34,Female,FALSE,0,FALSE
LEAD_1518,02-08-2026,CMP_M_02,Meta Ads,Mahalakshmi Nagar,35-44,Male,TRUE,1715.25,TRUE
LEAD_1519,30-08-2026,CMP_M_01,Meta Ads,Saket,25-34,Female,FALSE,0,TRUE
LEAD_1520,22-08-2026,CMP_M_01,Meta Ads,Bhawarkua,25-34,Female,TRUE,3446.27,TRUE
LEAD_1521,28-08-2026,CMP_G_02,Google Ads,Mahalakshmi Nagar,25-34,Male,FALSE,0,TRUE
LEAD_1522,14-09-2026,CMP_M_01,Meta Ads,Mahalakshmi Nagar,18-24,Female,TRUE,6336.15,FALSE
LEAD_1523,06-08-2026,CMP_M_02,Meta Ads,Rau,45+,Female,FALSE,0,TRUE
LEAD_1524,09-09-2026,CMP_M_02,Meta Ads,Vijay Nagar,25-34,Female,FALSE,0,FALSE
LEAD_1525,12-09-2026,CMP_M_02,Meta Ads,Bhawarkua,18-24,Male,FALSE,0,TRUE
LEAD_1526,08-08-2026,CMP_M_01,Meta Ads,Bhawarkua,45+,Female,FALSE,0,TRUE
LEAD_1527,30-08-2026,CMP_M_02,Meta Ads,Mahalakshmi Nagar,25-34,Male,FALSE,0,TRUE
LEAD_1528,24-08-2026,CMP_G_03,Google Ads,Rau,18-24,Male,FALSE,0,TRUE
LEAD_1529,27-08-2026,CMP_G_02,Google Ads,Bhawarkua,18-24,Female,TRUE,3689.22,TRUE
LEAD_1530,03-09-2026,CMP_M_02,Meta Ads,Rau,18-24,Female,FALSE,0,TRUE
LEAD_1531,28-08-2026,CMP_M_01,Meta Ads,Bhawarkua,18-24,Male,FALSE,0,TRUE
LEAD_1532,06-09-2026,CMP_M_02,Meta Ads,Annapurna,25-34,Male,FALSE,0,TRUE
LEAD_1533,21-08-2026,CMP_G_03,Google Ads,Vijay Nagar,25-34,Female,TRUE,2296.65,TRUE
LEAD_1534,06-09-2026,CMP_G_01,Google Ads,Mahalakshmi Nagar,35-44,Male,FALSE,0,TRUE
LEAD_1535,11-08-2026,CMP_M_02,Meta Ads,Palasia,18-24,Female,FALSE,0,FALSE
LEAD_1536,07-09-2026,CMP_G_01,Google Ads,Rau,25-34,Male,FALSE,0,TRUE
LEAD_1537,25-08-2026,CMP_G_01,Google Ads,Annapurna,18-24,Female,FALSE,0,TRUE
LEAD_1538,23-08-2026,CMP_M_01,Meta Ads,Annapurna,35-44,Female,FALSE,0,TRUE
LEAD_1539,16-08-2026,CMP_M_01,Meta Ads,Mahalakshmi Nagar,35-44,Male,FALSE,0,TRUE
LEAD_1540,18-08-2026,CMP_M_01,Meta Ads,Palasia,25-34,Male,FALSE,0,TRUE
LEAD_1541,07-08-2026,CMP_M_01,Meta Ads,Rau,18-24,Female,FALSE,0,TRUE
LEAD_1542,12-08-2026,CMP_G_02,Google Ads,Bhawarkua,35-44,Male,FALSE,0,TRUE
LEAD_1543,07-08-2026,CMP_G_02,Google Ads,Vijay Nagar,25-34,Female,FALSE,0,TRUE
LEAD_1544,14-08-2026,CMP_M_01,Meta Ads,Bhawarkua,35-44,Male,FALSE,0,TRUE
LEAD_1545,11-08-2026,CMP_M_01,Meta Ads,Palasia,25-34,Male,TRUE,3824.9,TRUE
LEAD_1546,08-08-2026,CMP_M_02,Meta Ads,Saket,25-34,Male,FALSE,0,FALSE
LEAD_1547,11-08-2026,CMP_M_01,Meta Ads,Saket,35-44,Female,FALSE,0,TRUE
LEAD_1548,02-08-2026,CMP_G_01,Google Ads,Mahalakshmi Nagar,18-24,Male,FALSE,0,TRUE
LEAD_1549,14-08-2026,CMP_G_01,Google Ads,Palasia,18-24,Male,FALSE,0,TRUE
LEAD_1550,18-08-2026,CMP_M_03,Meta Ads,Vijay Nagar,18-24,Female,TRUE,1638.9,TRUE
LEAD_1551,01-09-2026,CMP_G_02,Google Ads,Palasia,18-24,Female,TRUE,2882.61,FALSE
LEAD_1552,18-08-2026,CMP_M_02,Meta Ads,Vijay Nagar,25-34,Male,FALSE,0,FALSE
LEAD_1553,14-08-2026,CMP_G_03,Google Ads,Bhawarkua,25-34,Male,TRUE,3475.16,TRUE
LEAD_1554,09-09-2026,CMP_M_02,Meta Ads,Palasia,25-34,Female,TRUE,1190.41,TRUE
LEAD_1555,05-08-2026,CMP_M_01,Meta Ads,Vijay Nagar,45+,Female,FALSE,0,TRUE
LEAD_1556,08-09-2026,CMP_G_03,Google Ads,Annapurna,45+,Female,FALSE,0,TRUE
LEAD_1557,08-08-2026,CMP_G_03,Google Ads,Saket,25-34,Female,FALSE,0,TRUE
LEAD_1558,14-08-2026,CMP_G_02,Google Ads,Saket,18-24,Female,FALSE,0,TRUE
LEAD_1559,14-09-2026,CMP_G_01,Google Ads,Bhawarkua,25-34,Female,TRUE,2862.14,TRUE
LEAD_1560,05-08-2026,CMP_G_02,Google Ads,Rau,18-24,Female,TRUE,2711.01,TRUE
LEAD_1561,12-09-2026,CMP_M_02,Meta Ads,Annapurna,25-34,Male,FALSE,0,TRUE
LEAD_1562,21-08-2026,CMP_G_03,Google Ads,Vijay Nagar,35-44,Female,FALSE,0,TRUE
LEAD_1563,27-08-2026,CMP_M_03,Meta Ads,Rau,18-24,Female,TRUE,1222,TRUE
LEAD_1564,19-08-2026,CMP_M_01,Meta Ads,Mahalakshmi Nagar,35-44,Male,FALSE,0,TRUE
LEAD_1565,19-08-2026,CMP_M_03,Meta Ads,Vijay Nagar,35-44,Male,TRUE,1253.86,FALSE
LEAD_1566,11-09-2026,CMP_G_01,Google Ads,Bhawarkua,18-24,Male,FALSE,0,TRUE
LEAD_1567,18-08-2026,CMP_M_02,Meta Ads,Saket,25-34,Female,FALSE,0,TRUE
LEAD_1568,09-09-2026,CMP_G_03,Google Ads,Saket,25-34,Female,FALSE,0,TRUE
LEAD_1569,08-08-2026,CMP_M_02,Meta Ads,Rau,18-24,Female,FALSE,0,TRUE
LEAD_1570,09-08-2026,CMP_M_02,Meta Ads,Saket,35-44,Male,FALSE,0,TRUE
LEAD_1571,06-08-2026,CMP_G_02,Google Ads,Mahalakshmi Nagar,25-34,Male,FALSE,0,TRUE
LEAD_1572,14-09-2026,CMP_M_03,Meta Ads,Saket,35-44,Female,FALSE,0,FALSE
LEAD_1573,20-08-2026,CMP_G_01,Google Ads,Rau,35-44,Female,TRUE,3227.74,TRUE
LEAD_1574,09-08-2026,CMP_M_02,Meta Ads,Saket,35-44,Male,TRUE,2475.32,TRUE
LEAD_1575,27-08-2026,CMP_M_03,Meta Ads,Annapurna,18-24,Female,FALSE,0,TRUE
LEAD_1576,12-09-2026,CMP_M_01,Meta Ads,Saket,18-24,Male,FALSE,0,TRUE
LEAD_1577,17-08-2026,CMP_G_02,Google Ads,Annapurna,18-24,Female,FALSE,0,TRUE
LEAD_1578,12-09-2026,CMP_M_03,Meta Ads,Annapurna,18-24,Male,TRUE,2647.26,FALSE
LEAD_1579,01-08-2026,CMP_G_01,Google Ads,Bhawarkua,35-44,Female,FALSE,0,TRUE
LEAD_1580,14-08-2026,CMP_G_01,Google Ads,Mahalakshmi Nagar,25-34,Male,FALSE,0,TRUE
LEAD_1581,20-08-2026,CMP_M_02,Meta Ads,Annapurna,18-24,Female,FALSE,0,TRUE
LEAD_1582,15-08-2026,CMP_M_03,Meta Ads,Bhawarkua,45+,Male,FALSE,0,FALSE
LEAD_1583,26-08-2026,CMP_M_01,Meta Ads,Saket,25-34,Male,FALSE,0,TRUE
LEAD_1584,06-09-2026,CMP_M_03,Meta Ads,Palasia,25-34,Female,FALSE,0,TRUE
LEAD_1585,02-08-2026,CMP_G_01,Google Ads,Vijay Nagar,25-34,Female,TRUE,7896.36,TRUE
LEAD_1586,08-08-2026,CMP_G_03,Google Ads,Vijay Nagar,25-34,Female,FALSE,0,FALSE
LEAD_1587,28-08-2026,CMP_G_03,Google Ads,Saket,25-34,Female,TRUE,2271.4,TRUE
LEAD_1588,28-08-2026,CMP_G_03,Google Ads,Palasia,25-34,Male,FALSE,0,TRUE
LEAD_1589,01-09-2026,CMP_M_01,Meta Ads,Vijay Nagar,25-34,Male,FALSE,0,TRUE
LEAD_1590,15-08-2026,CMP_M_03,Meta Ads,Rau,18-24,Female,TRUE,1211.01,FALSE
LEAD_1591,15-08-2026,CMP_G_01,Google Ads,Bhawarkua,25-34,Female,TRUE,7830.82,TRUE
LEAD_1592,14-09-2026,CMP_M_02,Meta Ads,Mahalakshmi Nagar,18-24,Male,TRUE,1624.32,TRUE
LEAD_1593,19-08-2026,CMP_M_02,Meta Ads,Vijay Nagar,18-24,Male,FALSE,0,TRUE
LEAD_1594,20-08-2026,CMP_M_01,Meta Ads,Annapurna,18-24,Female,FALSE,0,FALSE
LEAD_1595,12-08-2026,CMP_G_01,Google Ads,Vijay Nagar,25-34,Female,TRUE,4693.29,TRUE
LEAD_1596,17-08-2026,CMP_G_01,Google Ads,Palasia,25-34,Male,FALSE,0,FALSE
LEAD_1597,31-08-2026,CMP_M_01,Meta Ads,Bhawarkua,35-44,Female,FALSE,0,TRUE
LEAD_1598,02-08-2026,CMP_G_01,Google Ads,Saket,35-44,Female,FALSE,0,TRUE
LEAD_1599,10-08-2026,CMP_G_02,Google Ads,Vijay Nagar,18-24,Male,FALSE,0,TRUE
LEAD_1600,23-08-2026,CMP_M_01,Meta Ads,Bhawarkua,18-24,Female,TRUE,8441.82,TRUE
LEAD_1601,20-08-2026,CMP_M_02,Meta Ads,Rau,35-44,Male,FALSE,0,TRUE
LEAD_1602,08-09-2026,CMP_M_03,Meta Ads,Saket,25-34,Male,FALSE,0,TRUE
LEAD_1603,27-08-2026,CMP_G_01,Google Ads,Annapurna,45+,Female,FALSE,0,FALSE
LEAD_1604,06-09-2026,CMP_G_01,Google Ads,Bhawarkua,25-34,Male,FALSE,0,TRUE
LEAD_1605,25-08-2026,CMP_G_02,Google Ads,Saket,35-44,Male,FALSE,0,TRUE
LEAD_1606,29-08-2026,CMP_M_03,Meta Ads,Rau,18-24,Male,FALSE,0,FALSE
LEAD_1607,22-08-2026,CMP_G_03,Google Ads,Bhawarkua,45+,Female,FALSE,0,TRUE
LEAD_1608,07-09-2026,CMP_G_02,Google Ads,Rau,18-24,Male,TRUE,3168.26,TRUE
LEAD_1609,23-08-2026,CMP_M_01,Meta Ads,Vijay Nagar,25-34,Male,FALSE,0,TRUE
LEAD_1610,10-08-2026,CMP_M_01,Meta Ads,Saket,25-34,Male,FALSE,0,TRUE
LEAD_1611,19-08-2026,CMP_G_03,Google Ads,Bhawarkua,18-24,Female,TRUE,1074.46,TRUE
LEAD_1612,04-08-2026,CMP_M_01,Meta Ads,Vijay Nagar,25-34,Male,FALSE,0,TRUE
LEAD_1613,17-08-2026,CMP_G_01,Google Ads,Saket,35-44,Female,FALSE,0,TRUE
LEAD_1614,05-09-2026,CMP_M_03,Meta Ads,Vijay Nagar,25-34,Female,FALSE,0,TRUE
LEAD_1615,28-08-2026,CMP_M_02,Meta Ads,Vijay Nagar,18-24,Female,FALSE,0,TRUE
LEAD_1616,16-08-2026,CMP_M_03,Meta Ads,Bhawarkua,25-34,Male,TRUE,3091.61,TRUE
LEAD_1617,20-08-2026,CMP_M_03,Meta Ads,Bhawarkua,25-34,Female,TRUE,2512,TRUE
LEAD_1618,13-09-2026,CMP_M_01,Meta Ads,Saket,18-24,Female,FALSE,0,TRUE
LEAD_1619,06-08-2026,CMP_G_03,Google Ads,Annapurna,25-34,Female,FALSE,0,TRUE
LEAD_1620,28-08-2026,CMP_M_02,Meta Ads,Rau,25-34,Female,FALSE,0,TRUE
LEAD_1621,23-08-2026,CMP_M_03,Meta Ads,Bhawarkua,25-34,Male,FALSE,0,TRUE
LEAD_1622,05-09-2026,CMP_M_01,Meta Ads,Mahalakshmi Nagar,25-34,Male,FALSE,0,TRUE
LEAD_1623,20-08-2026,CMP_M_01,Meta Ads,Rau,25-34,Female,FALSE,0,TRUE
LEAD_1624,06-09-2026,CMP_M_01,Meta Ads,Mahalakshmi Nagar,25-34,Female,TRUE,7803.49,TRUE
LEAD_1625,03-09-2026,CMP_G_01,Google Ads,Vijay Nagar,18-24,Female,FALSE,0,TRUE
LEAD_1626,07-08-2026,CMP_M_03,Meta Ads,Saket,25-34,Male,TRUE,1800.41,TRUE
LEAD_1627,08-08-2026,CMP_M_02,Meta Ads,Annapurna,25-34,Male,FALSE,0,TRUE
LEAD_1628,03-09-2026,CMP_M_02,Meta Ads,Annapurna,45+,Female,FALSE,0,TRUE
LEAD_1629,10-09-2026,CMP_M_03,Meta Ads,Saket,25-34,Male,FALSE,0,FALSE
LEAD_1630,01-09-2026,CMP_M_03,Meta Ads,Palasia,18-24,Female,FALSE,0,TRUE
LEAD_1631,08-08-2026,CMP_M_01,Meta Ads,Palasia,18-24,Female,FALSE,0,TRUE
LEAD_1632,29-08-2026,CMP_M_02,Meta Ads,Vijay Nagar,18-24,Female,FALSE,0,TRUE
LEAD_1633,16-08-2026,CMP_G_02,Google Ads,Rau,18-24,Male,FALSE,0,TRUE
LEAD_1634,12-09-2026,CMP_G_03,Google Ads,Annapurna,18-24,Female,TRUE,2566.33,TRUE
LEAD_1635,16-08-2026,CMP_M_02,Meta Ads,Rau,18-24,Female,TRUE,1361.09,FALSE
LEAD_1636,07-08-2026,CMP_G_02,Google Ads,Bhawarkua,25-34,Female,FALSE,0,FALSE
LEAD_1637,07-08-2026,CMP_G_03,Google Ads,Mahalakshmi Nagar,25-34,Female,FALSE,0,TRUE
LEAD_1638,06-09-2026,CMP_M_01,Meta Ads,Rau,18-24,Male,FALSE,0,TRUE
LEAD_1639,09-09-2026,CMP_M_03,Meta Ads,Saket,45+,Female,TRUE,2100.09,FALSE
LEAD_1640,18-08-2026,CMP_M_02,Meta Ads,Rau,35-44,Female,TRUE,924.62,TRUE
LEAD_1641,03-09-2026,CMP_G_03,Google Ads,Vijay Nagar,18-24,Female,FALSE,0,TRUE
LEAD_1642,06-09-2026,CMP_M_01,Meta Ads,Mahalakshmi Nagar,18-24,Male,TRUE,4733.96,TRUE
LEAD_1643,26-08-2026,CMP_M_01,Meta Ads,Mahalakshmi Nagar,25-34,Female,FALSE,0,TRUE
LEAD_1644,12-09-2026,CMP_M_01,Meta Ads,Annapurna,35-44,Male,FALSE,0,TRUE
LEAD_1645,09-08-2026,CMP_M_01,Meta Ads,Rau,45+,Female,FALSE,0,TRUE
LEAD_1646,26-08-2026,CMP_M_01,Meta Ads,Vijay Nagar,35-44,Female,FALSE,0,TRUE
LEAD_1647,07-08-2026,CMP_G_01,Google Ads,Annapurna,25-34,Male,FALSE,0,TRUE
LEAD_1648,16-08-2026,CMP_M_03,Meta Ads,Annapurna,35-44,Male,TRUE,1184.67,FALSE
LEAD_1649,05-08-2026,CMP_G_03,Google Ads,Vijay Nagar,35-44,Female,TRUE,1067.2,TRUE
LEAD_1650,08-09-2026,CMP_M_02,Meta Ads,Vijay Nagar,35-44,Female,FALSE,0,TRUE
LEAD_1651,25-08-2026,CMP_M_02,Meta Ads,Annapurna,25-34,Female,FALSE,0,TRUE
LEAD_1652,29-08-2026,CMP_G_02,Google Ads,Palasia,18-24,Female,FALSE,0,TRUE
LEAD_1653,13-08-2026,CMP_M_02,Meta Ads,Vijay Nagar,25-34,Male,FALSE,0,TRUE
LEAD_1654,09-08-2026,CMP_G_02,Google Ads,Saket,35-44,Female,FALSE,0,FALSE
LEAD_1655,22-08-2026,CMP_M_02,Meta Ads,Annapurna,45+,Male,FALSE,0,TRUE
LEAD_1656,13-08-2026,CMP_M_01,Meta Ads,Bhawarkua,25-34,Female,TRUE,7544.7,TRUE
LEAD_1657,09-08-2026,CMP_M_03,Meta Ads,Bhawarkua,25-34,Female,FALSE,0,TRUE
LEAD_1658,06-08-2026,CMP_G_01,Google Ads,Rau,18-24,Female,FALSE,0,TRUE
LEAD_1659,08-09-2026,CMP_G_02,Google Ads,Vijay Nagar,18-24,Male,FALSE,0,TRUE
LEAD_1660,17-08-2026,CMP_M_03,Meta Ads,Saket,18-24,Male,FALSE,0,TRUE
LEAD_1661,05-08-2026,CMP_M_03,Meta Ads,Palasia,35-44,Male,FALSE,0,TRUE
LEAD_1662,26-08-2026,CMP_M_01,Meta Ads,Rau,25-34,Female,FALSE,0,TRUE
LEAD_1663,17-08-2026,CMP_M_01,Meta Ads,Bhawarkua,18-24,Female,TRUE,6523.42,TRUE
LEAD_1664,09-08-2026,CMP_M_02,Meta Ads,Mahalakshmi Nagar,25-34,Male,FALSE,0,TRUE
LEAD_1665,04-08-2026,CMP_M_01,Meta Ads,Rau,35-44,Male,TRUE,4143.02,TRUE
LEAD_1666,03-08-2026,CMP_M_02,Meta Ads,Bhawarkua,25-34,Male,TRUE,1833.78,TRUE
LEAD_1667,05-09-2026,CMP_G_01,Google Ads,Palasia,18-24,Female,FALSE,0,TRUE
LEAD_1668,02-09-2026,CMP_G_01,Google Ads,Bhawarkua,18-24,Male,TRUE,4083.9,TRUE
LEAD_1669,02-08-2026,CMP_M_03,Meta Ads,Vijay Nagar,35-44,Male,FALSE,0,FALSE
LEAD_1670,25-08-2026,CMP_M_01,Meta Ads,Rau,25-34,Female,TRUE,6687.06,FALSE
LEAD_1671,09-08-2026,CMP_G_03,Google Ads,Bhawarkua,25-34,Female,FALSE,0,TRUE
LEAD_1672,09-09-2026,CMP_G_01,Google Ads,Palasia,18-24,Male,TRUE,8400.45,TRUE
LEAD_1673,06-08-2026,CMP_G_02,Google Ads,Annapurna,35-44,Male,TRUE,3401.3,TRUE
LEAD_1674,03-08-2026,CMP_M_01,Meta Ads,Vijay Nagar,35-44,Female,FALSE,0,FALSE
LEAD_1675,04-08-2026,CMP_G_01,Google Ads,Vijay Nagar,18-24,Male,TRUE,3522.28,TRUE
LEAD_1676,19-08-2026,CMP_M_03,Meta Ads,Bhawarkua,25-34,Female,FALSE,0,TRUE
LEAD_1677,17-08-2026,CMP_G_01,Google Ads,Palasia,25-34,Male,FALSE,0,FALSE
LEAD_1678,15-08-2026,CMP_G_03,Google Ads,Saket,45+,Male,FALSE,0,TRUE
LEAD_1679,11-09-2026,CMP_G_02,Google Ads,Saket,18-24,Female,FALSE,0,TRUE
LEAD_1680,23-08-2026,CMP_G_01,Google Ads,Rau,25-34,Female,TRUE,7932.42,TRUE
LEAD_1681,03-09-2026,CMP_M_03,Meta Ads,Annapurna,25-34,Female,FALSE,0,TRUE
LEAD_1682,10-08-2026,CMP_M_02,Meta Ads,Bhawarkua,25-34,Female,TRUE,996.84,TRUE
LEAD_1683,01-09-2026,CMP_G_01,Google Ads,Rau,25-34,Male,TRUE,7567.05,TRUE
LEAD_1684,18-08-2026,CMP_G_01,Google Ads,Vijay Nagar,35-44,Female,TRUE,7671.07,TRUE
LEAD_1685,14-08-2026,CMP_G_01,Google Ads,Annapurna,25-34,Female,FALSE,0,TRUE
LEAD_1686,04-09-2026,CMP_G_03,Google Ads,Rau,35-44,Female,TRUE,2960.09,FALSE
LEAD_1687,17-08-2026,CMP_M_02,Meta Ads,Mahalakshmi Nagar,18-24,Male,TRUE,3087.66,TRUE
LEAD_1688,28-08-2026,CMP_M_01,Meta Ads,Annapurna,35-44,Male,FALSE,0,TRUE
LEAD_1689,13-09-2026,CMP_M_01,Meta Ads,Rau,25-34,Female,FALSE,0,TRUE
LEAD_1690,03-09-2026,CMP_M_01,Meta Ads,Bhawarkua,25-34,Male,FALSE,0,TRUE
LEAD_1691,01-08-2026,CMP_G_02,Google Ads,Annapurna,45+,Female,FALSE,0,TRUE
LEAD_1692,04-09-2026,CMP_G_02,Google Ads,Rau,25-34,Male,FALSE,0,TRUE
LEAD_1693,12-09-2026,CMP_G_03,Google Ads,Annapurna,35-44,Male,FALSE,0,TRUE
LEAD_1694,06-09-2026,CMP_G_01,Google Ads,Mahalakshmi Nagar,18-24,Female,FALSE,0,TRUE
LEAD_1695,29-08-2026,CMP_M_01,Meta Ads,Vijay Nagar,45+,Female,FALSE,0,TRUE
LEAD_1696,14-08-2026,CMP_M_02,Meta Ads,Rau,45+,Female,FALSE,0,TRUE
LEAD_1697,21-08-2026,CMP_M_01,Meta Ads,Bhawarkua,18-24,Male,FALSE,0,FALSE
LEAD_1698,01-09-2026,CMP_G_02,Google Ads,Annapurna,18-24,Male,FALSE,0,TRUE
LEAD_1699,15-08-2026,CMP_M_01,Meta Ads,Annapurna,25-34,Female,TRUE,3452.35,TRUE
LEAD_1700,05-09-2026,CMP_G_03,Google Ads,Vijay Nagar,45+,Male,FALSE,0,TRUE
LEAD_1701,02-08-2026,CMP_M_03,Meta Ads,Saket,25-34,Female,TRUE,2731.65,FALSE
LEAD_1702,07-08-2026,CMP_G_02,Google Ads,Bhawarkua,18-24,Female,FALSE,0,TRUE
LEAD_1703,06-09-2026,CMP_G_02,Google Ads,Mahalakshmi Nagar,25-34,Female,FALSE,0,TRUE
LEAD_1704,19-08-2026,CMP_G_03,Google Ads,Saket,25-34,Female,FALSE,0,TRUE
LEAD_1705,11-09-2026,CMP_M_03,Meta Ads,Saket,25-34,Female,FALSE,0,TRUE
LEAD_1706,10-08-2026,CMP_G_01,Google Ads,Vijay Nagar,18-24,Female,FALSE,0,FALSE
LEAD_1707,02-09-2026,CMP_G_03,Google Ads,Palasia,25-34,Male,TRUE,3015.36,TRUE
LEAD_1708,10-08-2026,CMP_M_01,Meta Ads,Annapurna,18-24,Female,FALSE,0,TRUE
LEAD_1709,15-08-2026,CMP_M_03,Meta Ads,Rau,25-34,Male,FALSE,0,TRUE
LEAD_1710,08-08-2026,CMP_M_01,Meta Ads,Rau,35-44,Male,FALSE,0,TRUE
LEAD_1711,03-09-2026,CMP_M_01,Meta Ads,Saket,18-24,Female,FALSE,0,TRUE
LEAD_1712,22-08-2026,CMP_M_03,Meta Ads,Mahalakshmi Nagar,45+,Female,FALSE,0,TRUE
LEAD_1713,08-08-2026,CMP_G_03,Google Ads,Bhawarkua,25-34,Female,TRUE,2771.3,TRUE
LEAD_1714,24-08-2026,CMP_M_01,Meta Ads,Rau,18-24,Male,FALSE,0,TRUE
LEAD_1715,09-08-2026,CMP_G_02,Google Ads,Palasia,35-44,Female,FALSE,0,FALSE
LEAD_1716,09-08-2026,CMP_M_01,Meta Ads,Saket,18-24,Female,TRUE,6251.61,FALSE
LEAD_1717,10-08-2026,CMP_G_03,Google Ads,Annapurna,35-44,Female,FALSE,0,TRUE
LEAD_1718,30-08-2026,CMP_G_02,Google Ads,Vijay Nagar,25-34,Male,FALSE,0,TRUE
LEAD_1719,31-08-2026,CMP_M_02,Meta Ads,Vijay Nagar,35-44,Female,TRUE,2905.71,TRUE
LEAD_1720,05-08-2026,CMP_G_02,Google Ads,Mahalakshmi Nagar,25-34,Female,FALSE,0,TRUE
LEAD_1721,09-08-2026,CMP_G_03,Google Ads,Rau,18-24,Female,FALSE,0,TRUE
LEAD_1722,22-08-2026,CMP_G_03,Google Ads,Rau,18-24,Male,FALSE,0,TRUE
LEAD_1723,23-08-2026,CMP_G_01,Google Ads,Bhawarkua,25-34,Male,FALSE,0,FALSE
LEAD_1724,31-08-2026,CMP_G_03,Google Ads,Annapurna,18-24,Male,FALSE,0,TRUE
LEAD_1725,02-09-2026,CMP_M_03,Meta Ads,Rau,25-34,Male,TRUE,1126.23,FALSE
LEAD_1726,21-08-2026,CMP_M_01,Meta Ads,Rau,25-34,Female,FALSE,0,TRUE
LEAD_1727,15-08-2026,CMP_M_02,Meta Ads,Saket,18-24,Female,FALSE,0,TRUE
LEAD_1728,02-09-2026,CMP_M_01,Meta Ads,Saket,25-34,Male,TRUE,7611.17,TRUE
LEAD_1729,03-08-2026,CMP_M_03,Meta Ads,Annapurna,18-24,Female,TRUE,3097.77,FALSE
LEAD_1730,09-09-2026,CMP_M_01,Meta Ads,Saket,18-24,Female,FALSE,0,TRUE
LEAD_1731,29-08-2026,CMP_G_02,Google Ads,Palasia,18-24,Male,FALSE,0,TRUE
LEAD_1732,07-08-2026,CMP_M_03,Meta Ads,Palasia,18-24,Female,TRUE,3396.19,TRUE
LEAD_1733,11-08-2026,CMP_M_01,Meta Ads,Vijay Nagar,45+,Female,FALSE,0,TRUE
LEAD_1734,01-08-2026,CMP_M_02,Meta Ads,Mahalakshmi Nagar,18-24,Female,FALSE,0,TRUE
LEAD_1735,06-09-2026,CMP_M_03,Meta Ads,Bhawarkua,25-34,Male,FALSE,0,TRUE
LEAD_1736,08-08-2026,CMP_G_02,Google Ads,Vijay Nagar,25-34,Female,TRUE,3835.25,FALSE
LEAD_1737,09-08-2026,CMP_G_02,Google Ads,Annapurna,25-34,Male,FALSE,0,FALSE
LEAD_1738,15-08-2026,CMP_M_02,Meta Ads,Saket,18-24,Female,FALSE,0,TRUE
LEAD_1739,02-09-2026,CMP_M_01,Meta Ads,Vijay Nagar,25-34,Female,FALSE,0,TRUE
LEAD_1740,28-08-2026,CMP_M_03,Meta Ads,Annapurna,35-44,Female,FALSE,0,TRUE
LEAD_1741,12-09-2026,CMP_M_02,Meta Ads,Annapurna,25-34,Female,TRUE,3161.61,TRUE
LEAD_1742,15-08-2026,CMP_M_01,Meta Ads,Saket,25-34,Female,FALSE,0,TRUE
LEAD_1743,01-09-2026,CMP_G_02,Google Ads,Vijay Nagar,45+,Male,TRUE,2360.84,TRUE
LEAD_1744,01-08-2026,CMP_M_02,Meta Ads,Bhawarkua,25-34,Female,FALSE,0,TRUE
LEAD_1745,27-08-2026,CMP_G_02,Google Ads,Rau,25-34,Male,FALSE,0,TRUE
LEAD_1746,31-08-2026,CMP_M_01,Meta Ads,Palasia,35-44,Male,FALSE,0,TRUE
LEAD_1747,12-09-2026,CMP_M_03,Meta Ads,Mahalakshmi Nagar,25-34,Male,FALSE,0,TRUE
LEAD_1748,19-08-2026,CMP_M_01,Meta Ads,Vijay Nagar,45+,Male,FALSE,0,TRUE
LEAD_1749,27-08-2026,CMP_M_02,Meta Ads,Saket,18-24,Female,FALSE,0,FALSE
LEAD_1750,21-08-2026,CMP_G_02,Google Ads,Saket,25-34,Male,FALSE,0,TRUE
LEAD_1751,31-08-2026,CMP_M_02,Meta Ads,Mahalakshmi Nagar,25-34,Female,FALSE,0,TRUE
LEAD_1752,19-08-2026,CMP_G_02,Google Ads,Palasia,35-44,Male,FALSE,0,TRUE
LEAD_1753,21-08-2026,CMP_G_01,Google Ads,Saket,25-34,Male,FALSE,0,TRUE
LEAD_1754,17-08-2026,CMP_G_03,Google Ads,Saket,25-34,Female,FALSE,0,FALSE
LEAD_1755,03-08-2026,CMP_M_01,Meta Ads,Rau,35-44,Female,TRUE,4558.51,TRUE
LEAD_1756,08-08-2026,CMP_M_02,Meta Ads,Rau,25-34,Female,FALSE,0,FALSE
LEAD_1757,02-08-2026,CMP_M_01,Meta Ads,Annapurna,18-24,Female,TRUE,7373.75,TRUE
LEAD_1758,05-08-2026,CMP_M_02,Meta Ads,Rau,18-24,Female,FALSE,0,TRUE
LEAD_1759,04-09-2026,CMP_M_03,Meta Ads,Annapurna,18-24,Male,FALSE,0,TRUE
LEAD_1760,22-08-2026,CMP_M_03,Meta Ads,Rau,25-34,Male,FALSE,0,TRUE
LEAD_1761,02-08-2026,CMP_G_01,Google Ads,Rau,18-24,Female,FALSE,0,TRUE
LEAD_1762,11-08-2026,CMP_M_01,Meta Ads,Annapurna,35-44,Female,TRUE,4413.61,TRUE
LEAD_1763,08-08-2026,CMP_G_02,Google Ads,Bhawarkua,25-34,Female,FALSE,0,TRUE
LEAD_1764,18-08-2026,CMP_M_02,Meta Ads,Vijay Nagar,18-24,Male,FALSE,0,FALSE
LEAD_1765,27-08-2026,CMP_M_02,Meta Ads,Annapurna,35-44,Male,FALSE,0,TRUE
LEAD_1766,07-09-2026,CMP_G_02,Google Ads,Palasia,35-44,Male,FALSE,0,TRUE
LEAD_1767,28-08-2026,CMP_M_02,Meta Ads,Vijay Nagar,18-24,Female,FALSE,0,TRUE
LEAD_1768,11-09-2026,CMP_G_01,Google Ads,Bhawarkua,18-24,Female,FALSE,0,TRUE
LEAD_1769,05-09-2026,CMP_M_03,Meta Ads,Saket,35-44,Female,FALSE,0,TRUE
LEAD_1770,02-08-2026,CMP_G_02,Google Ads,Annapurna,25-34,Female,FALSE,0,FALSE
LEAD_1771,07-08-2026,CMP_M_01,Meta Ads,Rau,45+,Female,FALSE,0,TRUE
LEAD_1772,24-08-2026,CMP_G_02,Google Ads,Saket,18-24,Male,TRUE,3021.14,TRUE
LEAD_1773,07-08-2026,CMP_M_03,Meta Ads,Bhawarkua,25-34,Female,TRUE,2414.39,TRUE
LEAD_1774,31-08-2026,CMP_G_03,Google Ads,Mahalakshmi Nagar,18-24,Male,TRUE,2313.2,FALSE
LEAD_1775,20-08-2026,CMP_G_02,Google Ads,Vijay Nagar,18-24,Female,TRUE,3917.74,FALSE
LEAD_1776,01-08-2026,CMP_G_03,Google Ads,Palasia,35-44,Male,FALSE,0,TRUE
LEAD_1777,21-08-2026,CMP_M_01,Meta Ads,Palasia,18-24,Male,FALSE,0,FALSE
LEAD_1778,06-08-2026,CMP_M_01,Meta Ads,Bhawarkua,25-34,Female,FALSE,0,FALSE
LEAD_1779,11-08-2026,CMP_M_02,Meta Ads,Vijay Nagar,18-24,Female,FALSE,0,TRUE
LEAD_1780,03-08-2026,CMP_M_03,Meta Ads,Annapurna,35-44,Female,TRUE,3290.86,TRUE
LEAD_1781,05-09-2026,CMP_M_02,Meta Ads,Vijay Nagar,18-24,Female,FALSE,0,TRUE
LEAD_1782,13-09-2026,CMP_G_02,Google Ads,Saket,25-34,Female,TRUE,2321.77,TRUE
LEAD_1783,13-09-2026,CMP_G_02,Google Ads,Rau,45+,Female,FALSE,0,TRUE
LEAD_1784,31-08-2026,CMP_M_01,Meta Ads,Saket,35-44,Male,FALSE,0,TRUE
LEAD_1785,09-08-2026,CMP_M_02,Meta Ads,Annapurna,35-44,Female,FALSE,0,TRUE
LEAD_1786,10-08-2026,CMP_G_03,Google Ads,Vijay Nagar,18-24,Female,TRUE,2170.33,FALSE
LEAD_1787,04-09-2026,CMP_M_02,Meta Ads,Vijay Nagar,18-24,Female,FALSE,0,TRUE
LEAD_1788,23-08-2026,CMP_G_02,Google Ads,Palasia,18-24,Female,FALSE,0,TRUE
LEAD_1789,19-08-2026,CMP_G_02,Google Ads,Mahalakshmi Nagar,25-34,Male,FALSE,0,TRUE
LEAD_1790,26-08-2026,CMP_G_03,Google Ads,Rau,25-34,Male,FALSE,0,FALSE
LEAD_1791,10-08-2026,CMP_G_01,Google Ads,Palasia,18-24,Female,FALSE,0,TRUE
LEAD_1792,03-09-2026,CMP_G_01,Google Ads,Saket,25-34,Male,TRUE,6147.71,FALSE
LEAD_1793,09-09-2026,CMP_M_01,Meta Ads,Bhawarkua,18-24,Female,FALSE,0,TRUE
LEAD_1794,14-08-2026,CMP_G_02,Google Ads,Mahalakshmi Nagar,25-34,Female,FALSE,0,TRUE
LEAD_1795,01-08-2026,CMP_M_01,Meta Ads,Vijay Nagar,18-24,Male,FALSE,0,TRUE
LEAD_1796,31-08-2026,CMP_G_03,Google Ads,Rau,35-44,Female,FALSE,0,TRUE
LEAD_1797,25-08-2026,CMP_G_03,Google Ads,Mahalakshmi Nagar,25-34,Female,TRUE,2806.86,TRUE
LEAD_1798,14-08-2026,CMP_M_03,Meta Ads,Annapurna,35-44,Male,FALSE,0,FALSE
LEAD_1799,05-09-2026,CMP_M_02,Meta Ads,Annapurna,35-44,Male,FALSE,0,TRUE
LEAD_1800,28-08-2026,CMP_M_01,Meta Ads,Palasia,18-24,Female,FALSE,0,TRUE
LEAD_1801,12-09-2026,CMP_M_01,Meta Ads,Rau,25-34,Male,TRUE,4772.15,TRUE
LEAD_1802,25-08-2026,CMP_M_03,Meta Ads,Vijay Nagar,18-24,Female,TRUE,1910.36,FALSE
LEAD_1803,07-09-2026,CMP_G_02,Google Ads,Vijay Nagar,35-44,Male,FALSE,0,TRUE
LEAD_1804,01-08-2026,CMP_M_01,Meta Ads,Vijay Nagar,25-34,Male,FALSE,0,TRUE
LEAD_1805,14-09-2026,CMP_G_03,Google Ads,Saket,25-34,Male,FALSE,0,TRUE
LEAD_1806,31-08-2026,CMP_M_02,Meta Ads,Annapurna,25-34,Female,FALSE,0,FALSE
LEAD_1807,11-09-2026,CMP_M_02,Meta Ads,Mahalakshmi Nagar,18-24,Female,FALSE,0,TRUE
LEAD_1808,10-08-2026,CMP_M_01,Meta Ads,Palasia,35-44,Female,FALSE,0,TRUE
LEAD_1809,08-08-2026,CMP_G_03,Google Ads,Annapurna,25-34,Female,FALSE,0,TRUE
LEAD_1810,18-08-2026,CMP_M_02,Meta Ads,Palasia,25-34,Male,FALSE,0,FALSE
LEAD_1811,13-09-2026,CMP_G_03,Google Ads,Annapurna,18-24,Male,TRUE,3190.22,TRUE
LEAD_1812,24-08-2026,CMP_M_02,Meta Ads,Annapurna,25-34,Male,FALSE,0,TRUE
LEAD_1813,05-08-2026,CMP_M_01,Meta Ads,Mahalakshmi Nagar,25-34,Male,FALSE,0,TRUE
LEAD_1814,29-08-2026,CMP_G_01,Google Ads,Rau,18-24,Female,FALSE,0,TRUE
LEAD_1815,01-08-2026,CMP_G_02,Google Ads,Rau,25-34,Female,FALSE,0,TRUE
LEAD_1816,14-09-2026,CMP_M_01,Meta Ads,Vijay Nagar,18-24,Female,TRUE,3290.74,FALSE
LEAD_1817,12-08-2026,CMP_M_02,Meta Ads,Annapurna,45+,Male,FALSE,0,TRUE
LEAD_1818,14-08-2026,CMP_M_02,Meta Ads,Bhawarkua,18-24,Male,FALSE,0,TRUE
LEAD_1819,13-09-2026,CMP_G_02,Google Ads,Mahalakshmi Nagar,18-24,Male,FALSE,0,TRUE
LEAD_1820,04-08-2026,CMP_G_01,Google Ads,Saket,18-24,Female,FALSE,0,TRUE
LEAD_1821,15-08-2026,CMP_G_03,Google Ads,Saket,35-44,Female,FALSE,0,TRUE
LEAD_1822,14-09-2026,CMP_G_02,Google Ads,Vijay Nagar,25-34,Female,FALSE,0,TRUE
LEAD_1823,11-09-2026,CMP_G_03,Google Ads,Mahalakshmi Nagar,25-34,Male,FALSE,0,TRUE
LEAD_1824,07-09-2026,CMP_G_01,Google Ads,Palasia,45+,Female,TRUE,4998.38,TRUE
LEAD_1825,13-09-2026,CMP_M_01,Meta Ads,Palasia,18-24,Male,FALSE,0,TRUE
LEAD_1826,18-08-2026,CMP_M_01,Meta Ads,Mahalakshmi Nagar,18-24,Female,FALSE,0,TRUE
LEAD_1827,08-08-2026,CMP_G_02,Google Ads,Annapurna,18-24,Female,FALSE,0,TRUE
LEAD_1828,24-08-2026,CMP_M_01,Meta Ads,Vijay Nagar,18-24,Female,TRUE,6013.49,TRUE
LEAD_1829,01-08-2026,CMP_G_03,Google Ads,Saket,25-34,Female,TRUE,1328.63,TRUE
LEAD_1830,20-08-2026,CMP_M_03,Meta Ads,Rau,18-24,Female,FALSE,0,TRUE
LEAD_1831,30-08-2026,CMP_M_02,Meta Ads,Annapurna,25-34,Male,TRUE,2502.65,TRUE
LEAD_1832,24-08-2026,CMP_G_02,Google Ads,Bhawarkua,25-34,Female,FALSE,0,TRUE
LEAD_1833,15-08-2026,CMP_M_03,Meta Ads,Rau,18-24,Female,FALSE,0,TRUE
LEAD_1834,06-09-2026,CMP_G_02,Google Ads,Rau,18-24,Female,TRUE,2762.55,TRUE
LEAD_1835,14-09-2026,CMP_M_01,Meta Ads,Rau,35-44,Female,TRUE,8174.22,TRUE
LEAD_1836,04-08-2026,CMP_G_03,Google Ads,Mahalakshmi Nagar,18-24,Female,TRUE,3519.88,TRUE
LEAD_1837,30-08-2026,CMP_G_03,Google Ads,Palasia,18-24,Female,FALSE,0,TRUE
LEAD_1838,12-08-2026,CMP_G_03,Google Ads,Palasia,25-34,Male,FALSE,0,TRUE
LEAD_1839,05-09-2026,CMP_G_02,Google Ads,Bhawarkua,18-24,Female,TRUE,4275.27,TRUE
LEAD_1840,26-08-2026,CMP_M_01,Meta Ads,Bhawarkua,25-34,Male,FALSE,0,TRUE
LEAD_1841,07-08-2026,CMP_M_02,Meta Ads,Saket,35-44,Female,FALSE,0,TRUE
LEAD_1842,19-08-2026,CMP_M_02,Meta Ads,Annapurna,35-44,Male,FALSE,0,TRUE
LEAD_1843,23-08-2026,CMP_M_01,Meta Ads,Annapurna,45+,Female,FALSE,0,TRUE
LEAD_1844,12-08-2026,CMP_M_03,Meta Ads,Saket,25-34,Female,FALSE,0,TRUE
LEAD_1845,08-09-2026,CMP_G_01,Google Ads,Annapurna,18-24,Female,TRUE,7084.6,FALSE
LEAD_1846,20-08-2026,CMP_G_01,Google Ads,Saket,25-34,Female,FALSE,0,TRUE
LEAD_1847,20-08-2026,CMP_G_02,Google Ads,Mahalakshmi Nagar,25-34,Female,FALSE,0,TRUE
LEAD_1848,12-08-2026,CMP_M_03,Meta Ads,Annapurna,25-34,Female,FALSE,0,TRUE
LEAD_1849,23-08-2026,CMP_M_02,Meta Ads,Mahalakshmi Nagar,25-34,Male,TRUE,2752.38,TRUE
LEAD_1850,09-08-2026,CMP_G_02,Google Ads,Bhawarkua,25-34,Female,FALSE,0,TRUE
LEAD_1851,12-09-2026,CMP_M_01,Meta Ads,Mahalakshmi Nagar,18-24,Female,FALSE,0,TRUE
LEAD_1852,08-08-2026,CMP_M_02,Meta Ads,Bhawarkua,25-34,Male,TRUE,2529.82,FALSE
LEAD_1853,04-09-2026,CMP_M_02,Meta Ads,Palasia,45+,Female,TRUE,3523.78,TRUE
LEAD_1854,13-09-2026,CMP_G_03,Google Ads,Annapurna,25-34,Female,TRUE,1116.02,TRUE
LEAD_1855,30-08-2026,CMP_M_02,Meta Ads,Vijay Nagar,18-24,Female,TRUE,2074.2,TRUE
LEAD_1856,08-09-2026,CMP_G_03,Google Ads,Saket,25-34,Male,FALSE,0,TRUE
LEAD_1857,02-08-2026,CMP_M_02,Meta Ads,Palasia,18-24,Female,FALSE,0,TRUE
LEAD_1858,20-08-2026,CMP_G_03,Google Ads,Rau,18-24,Male,FALSE,0,TRUE
LEAD_1859,26-08-2026,CMP_M_01,Meta Ads,Vijay Nagar,18-24,Female,TRUE,4217.17,TRUE
LEAD_1860,18-08-2026,CMP_M_01,Meta Ads,Bhawarkua,25-34,Female,FALSE,0,TRUE
LEAD_1861,03-09-2026,CMP_M_02,Meta Ads,Vijay Nagar,18-24,Female,FALSE,0,TRUE
LEAD_1862,10-09-2026,CMP_G_01,Google Ads,Rau,45+,Female,TRUE,7431.12,TRUE
LEAD_1863,20-08-2026,CMP_M_03,Meta Ads,Vijay Nagar,18-24,Male,FALSE,0,TRUE
LEAD_1864,06-08-2026,CMP_M_02,Meta Ads,Bhawarkua,45+,Male,FALSE,0,TRUE
LEAD_1865,20-08-2026,CMP_M_01,Meta Ads,Mahalakshmi Nagar,18-24,Male,TRUE,6308.81,TRUE
LEAD_1866,31-08-2026,CMP_G_03,Google Ads,Saket,25-34,Male,TRUE,1481.07,FALSE
LEAD_1867,12-09-2026,CMP_G_02,Google Ads,Bhawarkua,35-44,Male,FALSE,0,TRUE
LEAD_1868,27-08-2026,CMP_G_02,Google Ads,Mahalakshmi Nagar,25-34,Female,FALSE,0,TRUE
LEAD_1869,08-09-2026,CMP_G_02,Google Ads,Annapurna,18-24,Female,FALSE,0,TRUE
LEAD_1870,21-08-2026,CMP_G_01,Google Ads,Annapurna,25-34,Male,TRUE,4060.03,TRUE
LEAD_1871,10-09-2026,CMP_M_01,Meta Ads,Bhawarkua,35-44,Female,TRUE,6192.82,TRUE
LEAD_1872,23-08-2026,CMP_G_03,Google Ads,Palasia,25-34,Male,FALSE,0,TRUE
LEAD_1873,14-09-2026,CMP_G_02,Google Ads,Bhawarkua,18-24,Female,FALSE,0,TRUE
LEAD_1874,06-08-2026,CMP_M_02,Meta Ads,Saket,18-24,Male,TRUE,2604.74,TRUE
LEAD_1875,20-08-2026,CMP_M_01,Meta Ads,Saket,25-34,Female,FALSE,0,TRUE
LEAD_1876,07-09-2026,CMP_G_02,Google Ads,Saket,25-34,Female,FALSE,0,TRUE
LEAD_1877,19-08-2026,CMP_M_02,Meta Ads,Bhawarkua,45+,Female,FALSE,0,TRUE
LEAD_1878,25-08-2026,CMP_M_01,Meta Ads,Mahalakshmi Nagar,18-24,Female,FALSE,0,TRUE
LEAD_1879,08-08-2026,CMP_G_02,Google Ads,Palasia,35-44,Male,FALSE,0,TRUE
LEAD_1880,26-08-2026,CMP_M_03,Meta Ads,Saket,35-44,Female,FALSE,0,TRUE
LEAD_1881,21-08-2026,CMP_M_01,Meta Ads,Annapurna,18-24,Male,FALSE,0,TRUE
LEAD_1882,10-09-2026,CMP_M_03,Meta Ads,Bhawarkua,18-24,Female,TRUE,1757.99,TRUE
LEAD_1883,19-08-2026,CMP_M_02,Meta Ads,Bhawarkua,18-24,Male,FALSE,0,TRUE
LEAD_1884,01-08-2026,CMP_G_03,Google Ads,Bhawarkua,25-34,Male,TRUE,2338.2,TRUE
LEAD_1885,07-09-2026,CMP_G_01,Google Ads,Bhawarkua,25-34,Male,FALSE,0,TRUE
LEAD_1886,09-08-2026,CMP_M_01,Meta Ads,Rau,45+,Male,FALSE,0,TRUE
LEAD_1887,02-08-2026,CMP_M_02,Meta Ads,Palasia,18-24,Male,FALSE,0,TRUE
LEAD_1888,24-08-2026,CMP_M_02,Meta Ads,Rau,35-44,Male,FALSE,0,TRUE
LEAD_1889,13-08-2026,CMP_M_01,Meta Ads,Palasia,25-34,Male,FALSE,0,FALSE
LEAD_1890,31-08-2026,CMP_G_02,Google Ads,Saket,18-24,Female,TRUE,4586.28,FALSE
LEAD_1891,06-09-2026,CMP_G_01,Google Ads,Palasia,25-34,Female,FALSE,0,TRUE
LEAD_1892,12-08-2026,CMP_G_02,Google Ads,Rau,25-34,Male,FALSE,0,FALSE
LEAD_1893,11-08-2026,CMP_M_02,Meta Ads,Annapurna,45+,Female,FALSE,0,TRUE
LEAD_1894,13-09-2026,CMP_G_01,Google Ads,Rau,45+,Male,FALSE,0,TRUE
LEAD_1895,27-08-2026,CMP_G_01,Google Ads,Annapurna,25-34,Male,FALSE,0,FALSE
LEAD_1896,04-09-2026,CMP_M_01,Meta Ads,Bhawarkua,25-34,Male,FALSE,0,TRUE
LEAD_1897,26-08-2026,CMP_G_02,Google Ads,Annapurna,35-44,Female,FALSE,0,TRUE
LEAD_1898,02-09-2026,CMP_M_02,Meta Ads,Bhawarkua,25-34,Female,FALSE,0,TRUE
LEAD_1899,17-08-2026,CMP_G_01,Google Ads,Rau,35-44,Female,FALSE,0,TRUE
LEAD_1900,27-08-2026,CMP_G_02,Google Ads,Palasia,35-44,Female,TRUE,3632.23,TRUE
LEAD_1901,11-09-2026,CMP_G_01,Google Ads,Bhawarkua,35-44,Female,FALSE,0,TRUE
LEAD_1902,17-08-2026,CMP_G_02,Google Ads,Annapurna,25-34,Male,FALSE,0,TRUE
LEAD_1903,06-09-2026,CMP_M_02,Meta Ads,Vijay Nagar,35-44,Female,FALSE,0,TRUE
LEAD_1904,15-08-2026,CMP_G_02,Google Ads,Rau,25-34,Female,FALSE,0,FALSE
LEAD_1905,11-08-2026,CMP_M_03,Meta Ads,Annapurna,25-34,Female,TRUE,2432.63,TRUE
LEAD_1906,14-09-2026,CMP_M_02,Meta Ads,Rau,18-24,Female,FALSE,0,TRUE
LEAD_1907,02-08-2026,CMP_M_01,Meta Ads,Palasia,25-34,Female,TRUE,7650.24,TRUE
LEAD_1908,03-09-2026,CMP_M_02,Meta Ads,Rau,35-44,Male,FALSE,0,TRUE
LEAD_1909,07-09-2026,CMP_M_01,Meta Ads,Saket,25-34,Female,FALSE,0,FALSE
LEAD_1910,11-09-2026,CMP_M_03,Meta Ads,Rau,25-34,Female,FALSE,0,TRUE
LEAD_1911,12-09-2026,CMP_G_03,Google Ads,Saket,18-24,Female,FALSE,0,FALSE
LEAD_1912,08-09-2026,CMP_G_02,Google Ads,Annapurna,18-24,Female,TRUE,4045.25,FALSE
LEAD_1913,10-09-2026,CMP_M_01,Meta Ads,Mahalakshmi Nagar,35-44,Male,TRUE,7965.92,FALSE
LEAD_1914,13-08-2026,CMP_M_03,Meta Ads,Vijay Nagar,25-34,Female,FALSE,0,TRUE
LEAD_1915,05-08-2026,CMP_G_03,Google Ads,Rau,35-44,Female,FALSE,0,TRUE
LEAD_1916,04-08-2026,CMP_G_01,Google Ads,Palasia,18-24,Male,TRUE,5345.81,TRUE
LEAD_1917,11-09-2026,CMP_M_02,Meta Ads,Annapurna,25-34,Female,TRUE,3215.31,TRUE
LEAD_1918,05-09-2026,CMP_M_01,Meta Ads,Annapurna,18-24,Male,FALSE,0,TRUE
LEAD_1919,09-08-2026,CMP_G_01,Google Ads,Vijay Nagar,18-24,Female,FALSE,0,TRUE
LEAD_1920,31-08-2026,CMP_M_02,Meta Ads,Rau,35-44,Female,FALSE,0,TRUE
LEAD_1921,05-08-2026,CMP_M_02,Meta Ads,Vijay Nagar,25-34,Female,FALSE,0,TRUE
LEAD_1922,07-09-2026,CMP_G_01,Google Ads,Bhawarkua,18-24,Female,FALSE,0,TRUE
LEAD_1923,08-08-2026,CMP_G_03,Google Ads,Bhawarkua,35-44,Female,FALSE,0,TRUE
LEAD_1924,09-09-2026,CMP_M_02,Meta Ads,Vijay Nagar,18-24,Female,FALSE,0,TRUE
LEAD_1925,10-09-2026,CMP_G_02,Google Ads,Rau,18-24,Male,TRUE,2000.21,TRUE
LEAD_1926,04-09-2026,CMP_G_02,Google Ads,Saket,25-34,Female,FALSE,0,TRUE
LEAD_1927,08-08-2026,CMP_M_01,Meta Ads,Palasia,25-34,Female,FALSE,0,FALSE
LEAD_1928,31-08-2026,CMP_M_03,Meta Ads,Palasia,18-24,Female,FALSE,0,TRUE
LEAD_1929,29-08-2026,CMP_G_03,Google Ads,Mahalakshmi Nagar,18-24,Male,TRUE,1824.57,TRUE
LEAD_1930,14-08-2026,CMP_M_02,Meta Ads,Saket,18-24,Female,FALSE,0,TRUE
LEAD_1931,20-08-2026,CMP_G_01,Google Ads,Palasia,25-34,Female,FALSE,0,FALSE
LEAD_1932,26-08-2026,CMP_G_02,Google Ads,Mahalakshmi Nagar,18-24,Male,FALSE,0,TRUE
LEAD_1933,03-09-2026,CMP_G_03,Google Ads,Annapurna,25-34,Female,FALSE,0,FALSE
LEAD_1934,15-08-2026,CMP_M_02,Meta Ads,Bhawarkua,45+,Male,FALSE,0,FALSE
LEAD_1935,20-08-2026,CMP_G_03,Google Ads,Annapurna,18-24,Female,TRUE,1801.05,TRUE
LEAD_1936,27-08-2026,CMP_M_01,Meta Ads,Bhawarkua,18-24,Female,FALSE,0,TRUE
LEAD_1937,09-08-2026,CMP_M_01,Meta Ads,Mahalakshmi Nagar,18-24,Male,FALSE,0,FALSE
LEAD_1938,12-09-2026,CMP_G_02,Google Ads,Saket,18-24,Female,TRUE,3836.69,TRUE
LEAD_1939,05-09-2026,CMP_G_03,Google Ads,Palasia,35-44,Male,FALSE,0,TRUE
LEAD_1940,18-08-2026,CMP_G_03,Google Ads,Palasia,18-24,Male,FALSE,0,TRUE
LEAD_1941,07-09-2026,CMP_M_03,Meta Ads,Vijay Nagar,35-44,Female,FALSE,0,TRUE
LEAD_1942,01-09-2026,CMP_M_03,Meta Ads,Rau,25-34,Female,FALSE,0,TRUE
LEAD_1943,22-08-2026,CMP_G_01,Google Ads,Saket,18-24,Female,TRUE,4373.46,TRUE
LEAD_1944,21-08-2026,CMP_M_02,Meta Ads,Annapurna,25-34,Female,FALSE,0,FALSE
LEAD_1945,20-08-2026,CMP_G_02,Google Ads,Bhawarkua,18-24,Female,TRUE,3351.9,TRUE
LEAD_1946,17-08-2026,CMP_M_02,Meta Ads,Mahalakshmi Nagar,18-24,Female,FALSE,0,TRUE
LEAD_1947,05-08-2026,CMP_M_02,Meta Ads,Annapurna,25-34,Female,FALSE,0,FALSE
LEAD_1948,29-08-2026,CMP_M_02,Meta Ads,Palasia,18-24,Female,FALSE,0,TRUE
LEAD_1949,22-08-2026,CMP_M_01,Meta Ads,Annapurna,18-24,Male,FALSE,0,TRUE
LEAD_1950,09-08-2026,CMP_M_03,Meta Ads,Bhawarkua,25-34,Male,FALSE,0,TRUE
LEAD_1951,03-09-2026,CMP_M_02,Meta Ads,Rau,25-34,Female,FALSE,0,TRUE
LEAD_1952,02-09-2026,CMP_M_03,Meta Ads,Saket,35-44,Female,FALSE,0,FALSE
LEAD_1953,10-09-2026,CMP_M_01,Meta Ads,Vijay Nagar,25-34,Male,FALSE,0,TRUE
LEAD_1954,04-09-2026,CMP_M_02,Meta Ads,Rau,35-44,Female,FALSE,0,TRUE
LEAD_1955,09-09-2026,CMP_M_03,Meta Ads,Vijay Nagar,35-44,Female,TRUE,2655.47,TRUE
LEAD_1956,29-08-2026,CMP_G_02,Google Ads,Palasia,25-34,Female,TRUE,4423.81,FALSE
LEAD_1957,22-08-2026,CMP_M_01,Meta Ads,Mahalakshmi Nagar,25-34,Male,FALSE,0,TRUE
LEAD_1958,02-08-2026,CMP_G_03,Google Ads,Saket,18-24,Male,FALSE,0,TRUE
LEAD_1959,15-08-2026,CMP_G_01,Google Ads,Mahalakshmi Nagar,18-24,Male,TRUE,4637.59,TRUE
LEAD_1960,30-08-2026,CMP_G_03,Google Ads,Mahalakshmi Nagar,25-34,Female,TRUE,2664.75,TRUE
LEAD_1961,06-09-2026,CMP_M_03,Meta Ads,Mahalakshmi Nagar,18-24,Female,FALSE,0,TRUE
LEAD_1962,04-09-2026,CMP_G_01,Google Ads,Mahalakshmi Nagar,18-24,Female,FALSE,0,TRUE
LEAD_1963,05-08-2026,CMP_G_03,Google Ads,Palasia,25-34,Female,TRUE,1784.14,TRUE
LEAD_1964,18-08-2026,CMP_G_02,Google Ads,Palasia,35-44,Female,FALSE,0,TRUE
LEAD_1965,29-08-2026,CMP_M_03,Meta Ads,Bhawarkua,18-24,Male,FALSE,0,TRUE
LEAD_1966,14-08-2026,CMP_M_02,Meta Ads,Bhawarkua,25-34,Female,FALSE,0,TRUE
LEAD_1967,07-09-2026,CMP_M_02,Meta Ads,Vijay Nagar,45+,Female,FALSE,0,TRUE
LEAD_1968,03-09-2026,CMP_M_01,Meta Ads,Mahalakshmi Nagar,18-24,Male,FALSE,0,TRUE
LEAD_1969,23-08-2026,CMP_M_02,Meta Ads,Saket,25-34,Female,FALSE,0,TRUE
LEAD_1970,02-09-2026,CMP_G_01,Google Ads,Saket,25-34,Male,FALSE,0,TRUE
LEAD_1971,25-08-2026,CMP_G_01,Google Ads,Bhawarkua,45+,Female,FALSE,0,TRUE
LEAD_1972,20-08-2026,CMP_G_03,Google Ads,Mahalakshmi Nagar,25-34,Female,TRUE,3158.64,TRUE
LEAD_1973,11-09-2026,CMP_M_02,Meta Ads,Bhawarkua,35-44,Female,FALSE,0,TRUE
LEAD_1974,11-09-2026,CMP_M_03,Meta Ads,Vijay Nagar,18-24,Female,FALSE,0,FALSE
LEAD_1975,09-08-2026,CMP_M_01,Meta Ads,Palasia,25-34,Male,FALSE,0,TRUE
LEAD_1976,14-08-2026,CMP_G_01,Google Ads,Saket,25-34,Male,TRUE,7738.17,TRUE
LEAD_1977,12-08-2026,CMP_G_03,Google Ads,Palasia,25-34,Male,FALSE,0,FALSE
LEAD_1978,08-08-2026,CMP_G_02,Google Ads,Vijay Nagar,25-34,Female,FALSE,0,TRUE
LEAD_1979,17-08-2026,CMP_M_01,Meta Ads,Vijay Nagar,18-24,Male,TRUE,6344.91,TRUE
LEAD_1980,10-08-2026,CMP_G_01,Google Ads,Bhawarkua,35-44,Male,TRUE,8007.39,TRUE
LEAD_1981,07-08-2026,CMP_G_02,Google Ads,Palasia,18-24,Male,FALSE,0,TRUE
LEAD_1982,31-08-2026,CMP_G_01,Google Ads,Rau,25-34,Male,TRUE,5447.27,TRUE
LEAD_1983,01-08-2026,CMP_M_02,Meta Ads,Bhawarkua,35-44,Female,FALSE,0,TRUE
LEAD_1984,04-09-2026,CMP_G_03,Google Ads,Rau,25-34,Female,FALSE,0,TRUE
LEAD_1985,06-09-2026,CMP_M_01,Meta Ads,Palasia,25-34,Male,FALSE,0,TRUE
LEAD_1986,12-09-2026,CMP_G_01,Google Ads,Vijay Nagar,25-34,Female,FALSE,0,TRUE
LEAD_1987,16-08-2026,CMP_M_01,Meta Ads,Palasia,25-34,Female,FALSE,0,TRUE
LEAD_1988,30-08-2026,CMP_M_02,Meta Ads,Rau,25-34,Male,FALSE,0,TRUE
LEAD_1989,09-08-2026,CMP_G_02,Google Ads,Saket,25-34,Female,FALSE,0,TRUE
LEAD_1990,03-08-2026,CMP_M_03,Meta Ads,Annapurna,18-24,Female,TRUE,2919.43,FALSE
LEAD_1991,10-08-2026,CMP_G_02,Google Ads,Palasia,18-24,Female,TRUE,3557.74,FALSE
LEAD_1992,31-08-2026,CMP_M_01,Meta Ads,Palasia,25-34,Male,FALSE,0,FALSE
LEAD_1993,29-08-2026,CMP_M_01,Meta Ads,Bhawarkua,25-34,Female,FALSE,0,FALSE
LEAD_1994,18-08-2026,CMP_G_01,Google Ads,Rau,35-44,Female,FALSE,0,TRUE
LEAD_1995,17-08-2026,CMP_M_03,Meta Ads,Mahalakshmi Nagar,25-34,Male,TRUE,1820.65,FALSE
LEAD_1996,22-08-2026,CMP_M_01,Meta Ads,Saket,18-24,Female,FALSE,0,TRUE
LEAD_1997,04-09-2026,CMP_M_01,Meta Ads,Bhawarkua,35-44,Female,TRUE,3519.5,TRUE
LEAD_1998,09-08-2026,CMP_M_02,Meta Ads,Saket,25-34,Female,FALSE,0,FALSE
LEAD_1999,02-09-2026,CMP_M_03,Meta Ads,Mahalakshmi Nagar,45+,Male,FALSE,0,TRUE
LEAD_2000,13-09-2026,CMP_G_02,Google Ads,Vijay Nagar,18-24,Male,FALSE,0,TRUE
